8.154640952069190263e+00,9.736249804568421595e+00
4.759137212348282908e+00,8.188445751797791772e+00
6.575148910565888016e+00,8.415184986693640568e+00
4.075203768374963786e+00,6.139387644712217984e+00
6.420405345291214871e+00,1.023842102611554239e+01
4.696521110445455172e+00,8.831613777725083381e+00
4.586979806256666237e+00,5.026329103817971600e+00
5.369330137289479055e+00,7.563374563954624819e+00
6.195703203265699344e+00,9.405900733987463624e+00
5.910579329493064193e-01,5.142956815673958459e+00
8.810383773272519647e+00,1.099742795740277046e+01
9.488792241297847596e+00,1.329832320655732758e+01
6.185202491919080892e+00,8.370431842700027047e+00
8.319391176651125264e-01,3.795454885507149712e+00
5.984967892787576460e+00,8.451737663918928334e+00
2.370607563270921148e-01,3.134931295401756302e+00
3.386672435997540198e+00,8.273967909465451243e+00
7.713964072524373883e+00,9.569967137230092291e+00
7.178221455046179145e+00,1.018362599828103043e+01
6.027622755276945909e+00,8.542419387522848240e+00
2.416984957843112625e+00,7.073887532080650686e+00
6.330687202184865470e+00,8.586710636895892534e+00
2.097899497022960968e+00,6.077773923172769877e+00
3.550748667938041780e+00,7.205478855099507918e+00
3.045482276161903812e+00,6.342607696241072013e+00
2.519541005601589667e+00,5.816939950286954542e+00
6.623291303509006411e+00,9.646871868127128380e+00
6.813327151143297122e+00,7.108362925325830695e+00
5.211701108445851993e+00,9.099335496827697156e+00
4.878187771817064977e+00,8.567296915106446420e+00
2.815924496559817136e+00,5.991723985342860104e+00
5.372758045938084592e+00,9.702835812699941442e+00
4.587584364148874272e+00,9.893390105720589744e+00
4.255173730987714009e+00,7.199477862407968942e+00
4.644766721415905408e+00,8.721113596340924090e+00
4.542741834001398971e+00,7.170379312943180317e+00
5.949247152042968168e+00,8.535501780469028077e+00
6.767149255500689797e+00,1.015771163318442305e+01
5.128765496111628686e+00,8.277186656028277412e+00
5.031562079596420212e+00,9.024564315002756132e+00
8.727214490041713901e+00,9.800709076598787206e+00
4.584194198405310949e+00,6.281065012932322666e+00
7.698042149667186251e+00,6.279957800354409869e+00
6.497561077493124948e+00,1.080735926719202844e+01
7.883161203927148364e+00,9.351492893152107300e+00
3.151719696569431850e+00,5.844239617120591923e+00
9.827083929188791700e+00,1.213042256857436030e+01
3.670412909986066285e+00,6.722913891849414902e+00
4.482984159552027670e+00,7.921507595598123785e+00
6.997155153834179409e+00,9.941440849428889948e+00
4.798190227115962436e+00,7.050578394326984188e+00
5.896877277863910471e+00,7.637032037185076838e+00
7.404237724490268846e+00,1.028262644914625135e+01
4.285828577597098565e+00,8.003655293494134071e+00
5.344415046116149703e+00,1.025595612512790922e+01
6.139932858021030171e+00,8.149473554030114641e+00
1.015220827528001735e+01,1.172305292870939653e+01
5.365261159895339027e+00,4.420257111504902525e+00
1.045406204135453265e+00,7.943194396626030773e+00
1.770120701967834886e+00,4.226859092243725691e+00
7.876853406880448105e+00,9.510958130714209702e+00
6.060351604711653906e+00,7.544253042478242577e+00
4.780607538431201675e+00,7.212753703801485727e+00
4.457452610522664393e+00,9.314855207891699962e+00
3.662342855223874150e+00,5.841287657372950193e+00
2.996732580098539600e+00,7.146326052191576572e+00
5.216327577681984629e+00,6.485135540817307032e+00
7.846049307287894514e+00,9.524583139800084197e+00
4.650059045776798961e+00,9.193246003815392697e+00
2.758939358110282569e+00,5.913251184603767641e+00
4.817606268157092586e+00,1.128103224847104613e+01
1.115395552732323381e+00,3.641083177390194159e+00
6.957074419725869596e+00,1.028184527557420580e+01
7.868845044773324915e+00,1.086691850077449573e+01
2.714889605625048663e+00,5.443175668283164903e+00
2.438941629725187799e+00,4.850333032902920394e+00
2.080253332030115754e+00,5.662482758774233460e+00
3.982715726100961806e+00,8.142061530080050957e+00
3.915095359040058121e+00,6.317616266519950230e+00
3.561280911206061717e-01,5.261023912108319323e+00
5.415087234810179950e+00,7.713369278664854001e+00
3.983819412728444753e+00,6.605627917365632484e+00
9.407816388700865673e+00,1.364983187114840568e+01
1.665608923664421148e+00,5.018315458269954732e+00
4.209787863370490157e+00,7.063358811310367358e+00
3.064926227188567331e+00,7.878665910957929341e+00
5.555247774751950196e+00,9.588222340844815506e+00
3.481812038263201181e+00,5.371465036049364983e+00
3.514969578002566486e+00,8.835937375996516963e+00
2.564315692088634524e+00,4.699346334869938246e+00
4.750720409862730698e+00,6.622232164625366124e+00
4.926058350390231766e+00,6.305636839159999951e+00
5.217197025500222018e+00,7.687997789228965040e+00
6.657250551398240290e+00,7.980164536799060571e+00
6.680625564867338717e+00,9.239186581720819191e+00
5.303426126241681970e+00,5.262912521525167975e+00
4.076370279023685761e+00,7.228312381096928085e+00
7.216864598242446860e+00,1.016311259993057092e+01
6.374139395533895858e+00,8.899720828056924660e+00
8.956691525769324258e+00,1.044965091903526044e+01
4.179550626510388334e+00,7.533467105188752733e+00
8.852392231998726047e+00,9.834284972234154765e+00
1.096486820598593148e+00,3.091246387608807211e+00
4.160114993754445933e+00,6.951624100493758007e+00
6.686675340821669700e+00,8.392821795344708846e+00
6.360974078640728280e+00,8.796083417208670596e+00
3.964494507570715420e+00,8.043308772270931328e+00
-2.481666650707197164e-01,5.108227400303798404e+00
2.705407036341562321e+00,6.637421833916943292e+00
5.202093605936158660e+00,9.852964762777757457e+00
6.018937552816026937e+00,7.305747881915501729e+00
6.082783105280038072e+00,7.890565815213403944e+00
3.224384396965987776e+00,5.759689876966245237e+00
5.314979836663169088e+00,6.688121720055509201e+00
1.037212723139525039e+01,1.295959931453188752e+01
3.838946654596804287e+00,8.525800273987389488e+00
4.472385098868790543e+00,6.112945622406734003e+00
7.507925871461396561e+00,9.600104315648392728e+00
5.266639001803641307e+00,7.128800849448197141e+00
3.724389529949620581e+00,5.843873807093315165e+00
5.174970237906625137e+00,1.008693050978105887e+01
4.826405641134518198e+00,5.110077178828920097e+00
5.826196852358606293e+00,7.818171177736873645e+00
4.042797787367427453e+00,1.046959472770829080e+01
8.019868961717865119e+00,1.049017528618233364e+01
1.823569033583272159e+00,5.328380790206042050e+00
7.018560586647476285e+00,1.009654729102421378e+01
3.638159836734801367e+00,7.330915026101630261e+00
2.005598353657090271e+00,4.508273358759705474e+00
7.610584854919854259e+00,1.188344601457874639e+01
-9.453564385927339941e-01,2.713493338056539805e+00
6.662870408643678743e+00,1.096013703644952564e+01
4.318057732509504199e+00,8.844653908798802533e+00
3.489990723284297935e+00,7.376472191706676895e+00
4.386731541464869544e+00,6.626738978514246980e+00
4.656986110549624414e+00,8.115703037013467736e+00
4.969660392711400476e+00,8.820660266427024609e+00
5.522041525504438830e+00,9.299901127756996289e+00
3.095623502332316868e+00,6.524512570766146879e+00
5.729163705893259184e+00,6.717730292236944400e+00
2.132968076615737285e+00,6.768800389076186086e+00
1.519977325261655743e+00,4.890673712754466607e+00
5.995159341250001717e+00,7.355592140308215399e+00
7.239703395409186726e+00,9.787505975980945294e+00
5.101514921712638539e+00,9.873541322648913265e+00
4.062851266704785580e+00,4.915624922983282907e+00
1.927576516491562586e+00,5.447137124224258997e+00
3.324999897687302308e+00,7.075720013509763540e+00
3.100571770847163844e+00,1.015578244349490156e+01
9.643001010503994053e+00,1.469845836886460688e+01
4.634367362230075393e+00,9.030535818822500005e+00
5.265106013234086113e+00,7.940787844092421999e+00
7.679641173821604383e+00,8.348737498744839058e+00
7.139604011896928171e+00,1.020570046919626250e+01
6.665420022696495472e+00,1.094623790357423765e+01
4.810076315287612481e+00,6.279056679822687670e+00
5.998521328923477114e+00,9.196359097016619799e+00
6.735619393049727677e+00,8.109077131499944358e+00
3.920490782532151108e+00,5.370201184722779075e+00
5.793944503678253533e+00,8.695890028885731482e+00
7.675354694011844892e+00,1.025883880042959895e+01
8.956540830999641045e+00,1.357368589354626565e+01
5.481722844654425941e+00,6.988067788701616934e+00
5.918928168637125786e+00,1.083054293606983265e+01
4.313661100171313656e+00,3.523684423850583336e+00
7.911588621996170190e+00,9.893903229150424750e+00
2.967983028918840915e+00,6.450635137251875761e+00
2.693741523752088973e+00,7.715780525272675661e+00
3.077457072784198999e+00,7.598611623136003246e+00
5.132570712026392812e+00,7.782985336196798443e+00
3.428382366705627238e+00,7.658477938212508995e+00
3.610090291129812279e+00,7.310663262515305405e+00
5.233083178701321891e+00,6.955932151059277757e+00
4.857319479554581321e+00,6.728860528654289297e+00
1.277725181985095659e+00,3.555125353265542465e+00
3.492459346123230723e+00,5.933153132447865907e+00
6.668576696983402385e+00,1.034962876684331334e+01
3.616761002115352674e+00,7.588058752358935344e+00
3.122607224369666312e+00,7.276747624769626555e+00
6.169467985054661874e+00,9.278480458863979763e+00
5.496742289717398755e+00,9.616152528273294919e+00
6.494662315926698959e+00,8.215621578987949647e+00
2.283628411645624023e+00,6.031178003345314842e+00
7.255499196426971054e+00,1.045483645107233883e+01
5.054931297145171420e+00,8.533877141465262994e+00
7.208706038248317682e+00,9.576647542655152279e+00
6.855667810117918037e+00,8.819975823179527552e+00
6.524231244445216404e+00,6.733495214793521200e+00
3.611374208604560820e+00,7.651813242716956509e+00
3.866003838936266312e+00,5.416942392270532203e+00
7.538280831736615895e+00,7.330323967886951841e+00
3.091333604029569138e+00,5.768360806963833021e+00
3.981411829660019386e+00,6.468030606582136244e+00
4.431862277940832762e+00,8.062908680537455908e+00
3.145959039344235375e+00,6.549539976031885757e+00
4.512443010316353309e+00,7.786138366731185201e+00
5.843866424246083824e+00,1.035982792732012747e+01
-2.266059920906482894e+00,4.660218224506690987e+00
4.633033567162075705e+00,7.329248306032397409e+00
5.136145458180257251e+00,8.809137795820339178e+00
5.144955687808366207e+00,7.338476119813213572e+00
3.923608942804174049e+00,7.494671828020535109e+00
9.108490065721188245e+00,1.013074451112975893e+01
4.250915734187618256e+00,9.614553245142944959e+00
4.170660328476809120e+00,6.230802955335260407e+00
6.568532894012228951e+00,8.995168716056731739e+00
3.085162933052601808e+00,7.356701465162620579e+00
4.500589943270195903e+00,8.187202032248572792e+00
1.577848090125748115e+00,2.784356849454662886e+00
7.434849584015292834e+00,1.126066927644490789e+01
2.280772879951410648e+00,7.540735221814121481e+00
4.552070271536181600e+00,8.832905584433746071e+00
5.491593247021710589e+00,8.969305142826479837e+00
6.964219569779292129e+00,9.780923767403837843e+00
7.456454090579915928e-01,4.340368517829390704e+00
1.881538071453018990e+00,5.559972617027751696e+00
8.913849509112850455e+00,1.115014340607401522e+01
7.978821437826050023e+00,9.625668973817740337e+00
4.555846691430547324e+00,8.244788178192099082e+00
6.088362814987054783e+00,7.463876671029201049e+00
5.551770729607611088e+00,9.290104093408750430e+00
7.637675193934564177e+00,9.275408093329524206e+00
4.903937534081530991e+00,5.936731796012344908e+00
7.427569280691352915e+00,1.210002561603374360e+01
1.343859190611895738e+00,2.948556514588585920e+00
3.810536563249980802e+00,1.123565870989861182e+01
7.353856308287425314e+00,8.389253779949948253e+00
4.068841373117650484e+00,8.375827763172100759e+00
4.725412344081962424e+00,9.306932734628627912e+00
3.931022864315830034e+00,6.080424047178720315e+00
5.860358575624866617e+00,9.747908544435922806e+00
7.083703555847664646e+00,8.966509178435307703e+00
4.655524283827854326e+00,7.772916579441043972e+00
7.584894726849524815e-01,1.791802998670966929e+00
6.139201526237410889e+00,8.710731437179541459e+00
6.637818084589584444e+00,1.068147518506286531e+01
3.863719407467592681e+00,8.387539462447936245e+00
8.707999532362054040e+00,1.052211682219443212e+01
3.678006826452635547e+00,7.920427458997139070e+00
5.558488785996836157e+00,7.919999460430101834e+00
3.406752425926727668e+00,6.272735370265356991e+00
9.611211077701096173e+00,1.280171269804337797e+01
5.324785095484943831e+00,5.620738474985987665e+00
6.348230142742581350e+00,1.097458933758239752e+01
3.795025879924390111e+00,8.029958838907161223e+00
4.129458246045053293e+00,7.834798322978719476e+00
5.624894809971899612e+00,7.968122826456649932e+00
5.413899016383673768e+00,8.641420936421296162e+00
3.961690571628932567e+00,5.681004535682984802e+00
5.363184418855391655e+00,9.390896609256632388e+00
3.463219906828583383e+00,6.154130402443261261e+00
3.783542455310374031e+00,7.529644192290131599e+00
1.294464149745200299e+00,4.204005219983139696e+00
2.779582966436192848e+00,3.201153764225818321e+00
5.578357507859228015e+00,9.028857268734910235e+00
2.023604057157394553e+00,4.610281162059125748e+00
4.338049602965988960e+00,5.750703773700450050e+00
2.836723373822946481e+00,5.733200651157410732e+00
3.669166113705738308e+00,6.681043237734579421e+00
3.395739979627577565e+00,7.838225380014309351e+00
2.728004338912550786e+00,3.009221014589360088e+00
7.669156370590863858e+00,8.029382090705759367e+00
3.167071578406698507e+00,4.775894236568166029e+00
5.765660600495293053e+00,9.831453632732578996e+00
5.396640613898981087e+00,8.284584833199177822e+00
6.916079997582649241e+00,8.641860482069624538e+00
3.719916803114064585e+00,8.731598319485202708e+00
5.390360934885476851e+00,9.331225939652682655e+00
5.174731295164846756e+00,7.959855265683280834e+00
5.175546382379574872e+00,7.378148498437160363e+00
3.361376719942647640e+00,7.101293387313801553e+00
8.559788455312947519e+00,1.106229002822465546e+01
5.170486659884486969e+00,8.739061059616034299e+00
9.222873172363431848e+00,1.194052314424338057e+01
4.831638297643072733e+00,9.013687528313239383e+00
1.042331313121050762e+01,1.257937533023952525e+01
4.729911248737615814e+00,9.904245355666345674e+00
6.732951094216366172e+00,8.870125491049201116e+00
7.091503187581999157e+00,9.165255678693355890e+00
7.335970907433717159e+00,9.268350039144898744e+00
2.767305340619451215e+00,4.165492408751724440e+00
6.768784958842905652e+00,1.149685357569057587e+01
8.100675883494959706e+00,1.065703938975056886e+01
5.460000246526611534e+00,9.468376712080516455e+00
3.684110506930030837e+00,7.215721186948597321e+00
5.703855096550270787e+00,9.357229467763319875e+00
6.745879761371615047e+00,1.094840429060534603e+01
6.412794278969892403e+00,8.664337407721690809e+00
7.212059397797339955e+00,1.059693763646521347e+01
6.222069852939835499e+00,7.631787953439992833e+00
7.716504568664920960e+00,1.029429032129894317e+01
3.841557575277085412e+00,9.024606777893659171e+00
4.736119750390738403e+00,9.300174114406296155e+00
5.345817017927121384e+00,7.907250421801642837e+00
5.101900113383128321e+00,8.259094874144263798e+00
3.892234710513434059e+00,5.415039504606521170e+00
4.238792964133459407e+00,8.770849879923813930e+00
4.308717094936135084e+00,5.090807857689327420e+00
3.456530638513502396e+00,8.344657505757099969e+00
5.730168563014618854e+00,7.802603120095584543e+00
5.070716397921249730e+00,9.221977121703011093e+00
2.281843644243986446e+00,5.698096905655920530e+00
9.171583578790116320e+00,1.045356854195670948e+01
6.865548877128935246e+00,1.388135078807414757e+01
6.939341172946749126e-01,2.593924026976631936e+00
7.989007213754190317e+00,1.004363354684487852e+01
6.860768987703218968e+00,7.346472216998945370e+00
1.011222793684949650e+01,1.170010471393588958e+01
9.605427661794475824e+00,1.022902345699933768e+01
3.091923396258430934e+00,6.617861035841775319e+00
3.266908454625631286e+00,5.216696349813172873e+00
5.219815924917059036e+00,7.156929152335374411e+00
3.461021408460823068e+00,6.815654055124454658e+00
7.063551042815785053e+00,9.899228872447769945e+00
6.369276637856666312e+00,5.764561139508991516e+00
7.726319915336520516e+00,8.062384983338603206e+00
1.455919537732631497e+00,4.932608805401456742e+00
6.260993033430948707e+00,9.340636234085314626e+00
1.867510934668735967e+00,6.302979563569939714e+00
4.350162780982018695e+00,8.057597700856890199e+00
3.353017397301326419e+00,8.330279971663044236e+00
3.845755582700460806e+00,4.803822850855226534e+00
3.647586890404684645e+00,4.677203942649244439e+00
8.900801276505173831e+00,1.216022701077482537e+01
8.416257626483249155e+00,1.172413246459199954e+01
2.577592060580119693e+00,5.874858416054225430e+00
3.890965137836422727e+00,6.413705217110285517e+00
1.019186775997858874e+01,1.313707311751179851e+01
3.425751057778704478e+00,6.406720340656031354e+00
2.297732121438516462e+00,7.042450442436910762e+00
7.698671706767347800e+00,1.145564287296981654e+01
7.156163443484945930e+00,7.318661701959725541e+00
9.833236490855149725e+00,1.186361048638362625e+01
5.681670895799509680e+00,7.837283384106198625e+00
5.848423505417505552e+00,7.444976746977382653e+00
5.108444532704428553e+00,8.359710833246488448e+00
6.253672502392547017e+00,1.070549191528110455e+01
2.364940787269043998e+00,6.028968898010216293e+00
7.938615780771895558e+00,1.088062124548123855e+01
2.537110817333926960e+00,4.894196224733725842e+00
5.527078598393206477e+00,9.376744545001828968e+00
7.040155830615505650e+00,9.751775243984397434e+00
1.066499452730658604e+01,1.352350565625884116e+01
7.319978009366517213e+00,6.988958512143065960e+00
4.695572871840276719e+00,7.640513987917993965e+00
8.191464457832182688e-01,5.974597673885813975e+00
9.710166243139532583e+00,9.904051558437869218e+00
4.519059358426541273e+00,7.149743225117211942e+00
1.652158926322509380e+00,5.847365502113067492e+00
7.870788862785573770e+00,1.228266296732758889e+01
1.516799973273342150e+00,5.207737472099562837e+00
4.432013216020989077e+00,5.634875075918451159e+00
6.813663835701795790e+00,1.060127307126393781e+01
1.384364454548934642e+00,3.256265083966911611e+00
5.002927531494451685e+00,6.612926555028359132e+00
5.162178298935723220e+00,5.082359285696195883e+00
4.489001937310762358e+00,3.295845536263658282e+00
7.929147186221658927e+00,9.101526913475503022e+00
3.592902905646521372e+00,6.688278773907039287e+00
3.871471344960155214e+00,5.668564515441840257e+00
2.716956406416725311e+00,6.237044145899736769e+00
4.461241840117623703e+00,6.535785611362508796e+00
6.018720510202252960e+00,7.325947620416146222e+00
4.617009649508185376e+00,9.477509280882468801e+00
3.559308349857121634e+00,6.337084890741131460e+00
2.674420671991623699e+00,7.730311666569657625e+00
7.735615013129363504e+00,1.259462419734520822e+01
6.477309471884235670e+00,9.056299123449903732e+00
5.431135493053212748e+00,7.610633142062422252e+00
4.708868327658840336e+00,8.357753660833909137e+00
2.221284666469101055e+00,4.596314892704670640e+00
3.794378770600829842e+00,8.726002278650019761e+00
7.781343232743694216e+00,1.111671273021777040e+01
6.267526100816013468e+00,1.144063721747533613e+01
2.987326841227390339e+00,5.531626556896877211e+00
4.392867325002809409e+00,9.037207638866659565e+00
6.689803959840027403e+00,8.055504202820973347e+00
3.492057989080150193e+00,7.396751574623244174e+00
4.253745454388518255e+00,8.870387683778680810e+00
8.205296698586804993e+00,1.048058197531786284e+01
1.909425887569504265e+00,4.745054604832480649e+00
6.991049763783617976e+00,8.222481115947854136e+00
8.081843398558978819e+00,1.135109270072344145e+01
5.637359213197102648e+00,9.606615682661811206e+00
2.472073146943881028e+00,7.396248322565665667e+00
5.895696541146291381e+00,5.916201286076885779e+00
2.012486611736546749e+00,6.853888309975457283e+00
6.823938227242126509e+00,7.996303318483156453e+00
1.150824627632786346e+01,1.290438510652496618e+01
4.943490254181340582e+00,1.095496427733582934e+01
5.773404210446634544e+00,5.774907141074854700e+00
2.457933122266731996e+00,3.541792180902909593e+00
2.265031742471806719e+00,9.594197220824362660e+00
-9.415683128479264141e-01,1.850623662581423190e+00
5.661554608885654538e+00,9.628729408695200220e+00
5.929963127624667152e+00,9.800999996721557750e+00
2.862037059769068303e+00,8.610767775478469943e+00
3.625156870592032288e+00,5.252738741792825294e+00
6.786337662954054828e+00,7.683932617931188425e+00
2.658293998115228707e+00,5.439781523810810704e+00
9.847688363027536695e+00,1.178448859742937316e+01
3.753181396774766920e+00,5.477170068683051340e+00
8.136150541194027142e+00,1.021632601311797828e+01
5.298709729785954003e+00,7.521000568273530362e+00
3.193808087968869724e+00,6.112975865706036238e+00
6.178018295137984950e+00,7.613496522867627014e+00
5.772129358364490592e+00,9.030099909889305110e+00
5.980408017056197956e+00,8.793451438328673930e+00
2.565639824443115558e+00,4.686243441151031419e+00
5.938876345202209528e+00,8.030269308823143604e+00
5.672609581117308508e+00,9.587661851629018628e+00
3.143878837832215112e+00,4.410694544335811429e+00
3.985435866743743727e+00,6.377027290276191529e+00
2.363100174163639267e+00,5.771488073014739761e+00
6.569208420070658860e+00,6.942966180092406958e+00
4.221863693618385760e+00,7.958875751097784779e+00
2.916965231112757184e+00,4.623366434311015460e+00
3.650150500827338274e+00,7.299198710915259625e+00
4.976364110051394896e+00,8.237048341082424230e+00
8.540359479916835639e+00,1.065874947336008738e+01
2.539435360728740765e+00,6.799718062994566381e+00
7.668461605507545187e+00,1.050599497042355246e+01
4.614779912955157215e+00,1.028365086562429909e+01
6.416595525746909168e+00,1.136713448379189373e+01
5.711031794910296000e+00,8.342174244906212621e+00
2.397029557645183218e+00,6.330295820484314717e+00
4.713997528952792671e+00,7.896208583419010552e+00
1.496380162135669600e+00,1.593211484927813615e+00
6.774447735951813598e+00,8.547124737751525814e+00
6.328836051927233974e+00,9.937849820558597003e+00
5.190314616656304558e+00,8.333682598703923361e+00
-6.353241111226335391e-01,2.233595643502623851e+00
6.231263493008569299e+00,6.885172865952645438e+00
4.265093990598355589e+00,8.550278613481330225e+00
2.843048231794111480e+00,6.439727012485804813e+00
5.576155329283921880e+00,8.958350146255947166e+00
3.950279635753393137e+00,5.423696959006614193e+00
6.393903614926212953e+00,8.816937410505293116e+00
4.941053364696490036e+00,7.289923232581990931e+00
2.254647685125549028e+00,6.499272038673044705e+00
1.457418774338886891e+00,7.341016618301182461e+00
5.608092557632264885e+00,8.267949742912914957e+00
6.051963344540835621e+00,8.838191753032342390e+00
2.239084333924334480e+00,5.588795085253803308e+00
9.549239463330174260e+00,1.179590035727785491e+01
4.696338025978992192e+00,8.181136322573147268e+00
2.020932779426633186e+00,5.558248097613103234e+00
2.024612585214441651e+00,3.149386245126519768e+00
5.929718467114309277e+00,9.466029275894868533e+00
9.749104179374379342e-01,5.285783799619031775e+00
6.778412395310690286e+00,8.845420090116824952e+00
5.498095246365718225e+00,7.685541571150152684e+00
5.158795386776771075e+00,4.956399917962077240e+00
6.554429804150235128e+00,8.565887617269190457e+00
6.790437908935982314e+00,8.576682093545489494e+00
1.399362008107492450e+00,6.115251649144960666e+00
3.464414885901768493e+00,5.323630730268225086e+00
-4.832449737759603181e-02,3.953820850111612550e+00
5.421596180571427226e+00,7.299276489800814893e+00
5.893821074269351534e+00,7.342858206122766518e+00
3.764284465964545134e+00,9.318870255333651542e+00
6.696526071831281790e+00,9.825982220154616087e+00
7.224755740173636198e+00,1.023363303358958731e+01
4.752511173555964419e+00,6.514619184768380755e+00
6.817716883047327592e+00,8.080812880625661165e+00
6.807515421918370890e+00,8.438483542897975198e+00
8.970786624036907853e+00,9.596485091172020532e+00
4.111520809621242556e+00,7.996194837955450829e+00
4.657529020506584239e+00,7.278006486401172204e+00
3.287002313226172312e+00,5.394954175695153786e+00
7.210054857745056722e+00,1.040550617101907172e+01
2.508488547021600734e+00,8.146031486436038804e+00
6.977669161156892841e+00,1.200404253507603158e+01
7.341393528679850178e+00,1.033494393210168916e+01
7.004613033427631308e+00,1.156193410052992832e+01
3.536669639111779340e+00,9.179903663472005704e+00
2.401265578307074655e+00,6.868125369299390215e+00
5.818704744553058639e+00,7.128765554889248790e+00
7.098791632318565803e+00,8.850024679078687839e+00
3.489798194346587223e+00,6.614949655787038196e+00
4.761872667900532541e+00,6.210237963188600219e+00
9.607640514111521313e+00,1.034165544813410520e+01
4.997088769981222534e+00,9.433956665305567313e+00
6.506191172987470850e+00,1.039345098862006189e+01
1.483206582433658216e+00,6.401321000262184313e+00
7.811178633556114193e+00,7.798535190324020760e+00
2.669490341734861882e+00,5.772886654332525680e+00
2.133146927287418393e+00,5.621761369684062259e+00
4.095457849762802027e+00,8.534683234235595606e+00
2.801739653038928690e+00,6.814479257241903731e+00
8.306218211484630132e+00,1.192171888081612252e+01
3.898769303459240554e+00,4.716542767680197201e+00
7.216554477534540268e+00,8.347063101997772350e+00
8.050876295221442547e+00,1.100242169141280613e+01
4.707098146601137678e+00,8.020431627742755865e+00
7.087174455911918969e+00,1.054917272681953300e+01
3.666456385496353665e+00,5.334393703809041654e+00
5.630798481272547562e+00,1.021790861323265531e+01
8.641623689058311797e+00,1.233615447938300846e+01
5.439734746655443764e+00,5.248795119371344242e+00
3.108979454972515377e+00,6.163029541030798697e+00
8.287208567276891813e+00,1.141158810406307289e+01
5.997664048596793585e+00,7.074891853333690861e+00
6.294058872763045542e+00,9.180511831717840465e+00
4.672892557592728480e+00,8.290427788654060492e+00
2.967037710131842143e+00,6.806761015748228338e+00
3.779631107108855748e+00,6.133924074663588577e+00
6.311223096864660320e+00,8.609318909792163410e+00
3.988175498590841528e+00,6.922478209472391342e+00
8.705316252496626106e+00,1.013418731989721344e+01
3.750137598798063632e+00,6.552023869279478774e+00
5.186775101083027195e+00,9.578169350285405059e+00
5.725489953626928141e+00,8.514295793361668530e+00
4.988317366519222418e+00,6.882381828446683336e+00
5.536859325503591833e+00,5.650861516783836080e+00
2.138199607227477372e+00,2.241182548251674511e+00
1.649405563825517618e+00,5.223096264609370820e+00
4.586552314683688181e+00,7.849314531565292796e+00
4.715759298523660270e+00,6.332175072043300545e+00
1.454689346464068667e+00,3.336344119584410350e+00
7.431479443876705560e+00,1.123913285538217366e+01
4.853862760196670401e+00,8.707817875923170803e+00
5.612862854770778398e+00,7.114196736079821726e+00
2.975595496259426209e+00,6.503571882179224772e+00
1.917383190058594700e+00,3.354235640918713734e+00
4.636761728944998495e+00,7.659880496045485820e+00
4.953165573486696616e+00,8.837788354016241854e+00
3.200138922697639998e+00,7.651510762476949168e+00
7.380072091353616415e+00,1.246381570220385981e+01
4.540471197709115891e+00,7.502561593029639653e+00
2.061314424351454733e-01,5.571599713124699704e+00
9.256790991114005607e+00,1.193250760466870020e+01
2.535163268043528983e+00,7.625771239711101934e+00
4.493041370197901507e+00,2.958238248099482881e+00
9.220730552022846638e-01,5.484158640529619433e+00
3.118997358905627237e+00,7.084817042580786151e+00
5.606082889679074199e+00,9.658569613991597080e+00
2.564651180517614204e+00,5.388160435189979225e+00
3.974960556200563211e+00,6.988872853832727827e+00
6.428585198525905042e+00,1.036787234586061501e+01
6.767812462420006447e+00,1.022956699187087182e+01
7.197151437145842934e+00,8.173949339486979326e+00
3.422770330909324255e+00,5.978348843803702906e+00
6.503237034734193678e+00,8.379048623779704386e+00
7.092953838303268199e+00,9.088312133214456523e+00
7.154495346168348036e+00,1.143753479522642280e+01
6.244086499979048632e+00,9.568039998170446481e+00
4.671618815069233932e+00,8.076565027221080939e+00
5.080797154543374106e+00,8.631257117374897092e+00
2.515197413475076971e+00,5.711427978209037803e+00
5.220661987939118731e+00,8.732767359027185705e+00
2.720911276307041771e+00,6.443597591832469718e+00
6.262632405393302903e+00,8.392411112005380147e+00
4.614782602401384715e+00,1.031864228437446229e+01
1.097953493855438900e+01,1.103825364203661685e+01
6.524608610703961808e+00,7.498904871645785342e+00
3.159682808758935924e+00,6.778064656031911106e+00
5.540920279473340315e+00,7.308336928968304669e+00
1.143761529484917538e+01,1.229003744150266186e+01
7.484725862473220914e+00,8.430819316592485180e+00
6.612143959051602238e+00,1.181586892884081763e+01
4.138832566151331882e+00,5.761318698689701812e+00
8.006390698686431051e+00,7.367514340461646327e+00
5.377045938237385414e+00,9.192673366643180799e+00
4.686469509396900435e+00,8.597916077674103263e+00
8.948619449989621444e+00,1.222984922358515369e+01
4.778491928647851772e+00,8.772797323378521028e+00
2.196415837528260084e+00,3.322916353148491986e+00
7.655778233584671355e+00,9.741106947452106368e+00
7.063001201955929176e+00,7.493010511544213159e+00
2.813272410494429554e+00,6.358315325609116719e+00
8.326151925142204036e+00,9.261736128182880279e+00
7.263023865140249669e+00,1.055922715254362743e+01
2.062893125706583231e+00,4.260914795407763300e+00
8.688995982375324445e+00,1.123430882691785726e+01
5.243153715166224416e-01,4.385059962702904102e+00
7.861526470913773323e+00,1.124526434431053090e+01
5.277893967393483265e-01,6.240315976685742783e+00
6.079753161853427734e+00,8.456193604013259701e+00
4.076363699845781952e+00,6.368059994368714172e+00
7.752015971084627921e+00,9.390828677095035104e+00
1.649683213035773921e+00,8.128101877546765053e+00
6.333465955271972980e+00,8.820079490965875735e+00
5.789888484035505378e+00,1.075711390559393266e+01
3.847105024712333510e+00,7.929195548647438585e+00
7.139243021872347938e+00,1.065489371935772311e+01
-6.724030088675574390e-01,1.682730001986342927e+00
3.366583723647202486e+00,7.268705411449321474e+00
6.080775421965411098e+00,5.776564968695078406e+00
3.874021078501946658e+00,7.220955573522328308e+00
8.997279248624433734e+00,9.447648632967414528e+00
4.108522803784459221e+00,7.990432067964539087e+00
-1.062341863783098361e-01,1.988780356010202865e+00
5.772647903884896792e+00,6.866805739639988637e+00
1.770627950362412939e+00,7.246227511319482062e+00
7.044027729793285175e+00,8.015255776685533462e+00
3.859912171601585840e+00,9.514538437954552563e+00
6.292004184669424127e+00,1.040016686873028817e+01
4.017597254131100470e+00,6.083141955384979482e+00
4.911662422715358467e+00,9.405072968009880796e+00
7.687946355473687987e+00,8.398645967354770647e+00
5.603409532027850304e+00,6.791965903944383598e+00
6.343829329337546064e+00,8.564898574678723620e+00
3.181253043071205155e+00,6.558018777813293454e+00
7.121095199573909795e+00,6.434229104924762410e+00
7.309037025924850717e+00,9.586101049470988400e+00
3.236423684973155801e+00,7.196270267647683738e+00
6.726260848558761829e+00,1.221132994502806923e+01
6.616818105206148992e+00,9.343677515837987002e+00
5.055275165078533028e+00,8.506547696301053563e+00
9.829343494812828652e+00,1.158532115264912221e+01
4.287438696628695922e+00,9.797924942799854264e+00
2.155590159863539412e+00,6.987988352205089626e+00
-1.594778442190924572e+00,1.473089608377968318e+00
7.601953142111917749e+00,1.097760922602143552e+01
3.186800031810117062e+00,7.424262337956410995e+00
3.567067303605143458e+00,6.130882660615290192e+00
4.248645963966521499e+00,9.995227067669985033e+00
3.807983524795115038e+00,6.713801717489285892e+00
5.767954742793893530e+00,7.456336148436472300e+00
6.807041022752754245e+00,1.105668008021612359e+01
4.158227211644473620e+00,6.047053902319417418e+00
5.556203141299924653e+00,7.426443605090335076e+00
6.517445269262054808e+00,8.767412515421248997e+00
8.054747531693152496e+00,1.242134151830314792e+01
7.449550139544673932e+00,1.020923441706247914e+01
4.625117981687923319e+00,8.290220490460834313e+00
3.005306060169746551e+00,8.209712965242895066e+00
5.770365005985355289e+00,8.556431604951578507e+00
1.355872990718172133e-01,5.037829528734649287e+00
6.242573697852876080e+00,8.871474399104476660e+00
6.385324312477179909e+00,9.787020022846819600e+00
4.814985579383313841e+00,7.153925972096107699e+00
6.907163041307153861e+00,1.048609822383267343e+01
6.808868927474192034e-01,4.999902314910754875e+00
4.864690145992790704e+00,7.480552700093396901e+00
2.238045021851178262e+00,3.966737286116856609e+00
5.957097730702163751e+00,1.034486024579485353e+01
6.465034545201477023e+00,8.426650722135414995e+00
3.907340647979756554e+00,5.600874888155606968e+00
1.339890491861613686e+00,6.766106646977691597e+00
1.574917236267899145e+00,3.773985440786893797e+00
3.659800486712080581e+00,4.578657424396950226e+00
2.765503663475967322e+00,6.250585160569486654e+00
6.083351913854303739e+00,1.075883400600098661e+01
6.598789116642336694e+00,8.406880496854652662e+00
3.333184896686212539e+00,6.568061872012766145e+00
4.087768230822406146e+00,8.407617148838582466e+00
4.971965995433835772e+00,7.408963273357462853e+00
1.284944764946458928e+00,4.021163827793853507e+00
7.331987692675834722e+00,8.320508403801790465e+00
5.005238632165920798e+00,8.964818128417165966e+00
4.654622445637787820e+00,9.304157813777358399e+00
3.431430400384469781e+00,6.633756083195016195e+00
6.625723257120188059e+00,8.600111579885947322e+00
6.852822699219681013e+00,8.214295094954838561e+00
2.477613230531283239e+00,5.155210958838797097e+00
6.642606719213905109e+00,1.102809812650878030e+01
2.399130369728383450e+00,4.378866123753501149e+00
8.399287562309838862e+00,1.192610419301845148e+01
7.404130339612318146e+00,9.873848659839225661e+00
2.242769918977991495e+00,6.705542740580058947e+00
3.851894799469551600e+00,7.858178718819892161e+00
3.897090961104222373e+00,7.036790434347734546e+00
5.126462123765440637e+00,8.915843152797529925e+00
8.069993898222641349e+00,1.178479972637303774e+01
5.101866699489350232e+00,6.510894418879261458e+00
3.124235309424672646e+00,9.531501182573196118e+00
5.075144853499558018e+00,7.872972295131765108e+00
3.030088953680686537e+00,5.250908404085707915e+00
4.810591727420273855e+00,9.988893862427048020e+00
7.260222818752071205e+00,8.029316266716367778e+00
7.972188488384402305e+00,1.026380564433019593e+01
3.923297133540661452e+00,1.929903192170824511e+00
2.214597325972395225e+00,6.427058636583582896e+00
8.074480574730268145e+00,9.419280082897540041e+00
5.390585187792882316e+00,8.464768703779078862e+00
8.583666395194502030e+00,1.029006222023740591e+01
6.618168982407494738e+00,9.321843303272697057e+00
4.004176437974599878e+00,5.647104394014666795e+00
6.743087509292241322e+00,1.233629880069567264e+01
3.147396401466149740e+00,7.880351994450385256e+00
2.898886191176136329e+00,6.123702127572851595e+00
6.505791957786614788e+00,8.968202842522737583e+00
7.542736382620910618e+00,1.072965736331545195e+01
2.090256307430295557e+00,4.086011422004416360e+00
1.376126743301408606e+00,4.358978176593661047e+00
1.778564586239115286e+00,5.017541174414622773e+00
8.887647778189526449e+00,9.155151707472501954e+00
5.934225629122286350e+00,1.098754924113502085e+01
4.862873997351105260e+00,8.211790663313129457e+00
2.552892984038103386e+00,6.139275447299594290e+00
7.858581117230253987e+00,1.107931017804170892e+01
4.353554657944870954e+00,5.879754776778802317e+00
6.669039856275695399e+00,9.484788953831033709e+00
5.188642131804624746e+00,8.909750401768086192e+00
6.802485005733904799e+00,9.508974544695606212e+00
2.996118472235265617e+00,7.661389694363457181e+00
8.360458299276347205e+00,1.255438461677363549e+01
6.112177617634674043e+00,6.910937473110630336e+00
4.755001864462403915e+00,6.399149920834995342e+00
1.058627595702321145e+01,1.285207865172444031e+01
4.441714062650166994e+00,7.890115433140330481e+00
6.669978517651530936e+00,7.557749833501188341e+00
7.459207685694293488e+00,1.035913531991807623e+01
4.520709534791277129e+00,8.098042633222437559e+00
6.007863119030819377e+00,9.537925245971020871e+00
4.280805788028325232e+00,7.463744003829347662e+00
5.476959262266139383e+00,7.988774187651854319e+00
-4.394510713982532124e+00,-6.832707488347757874e-01
2.412644433035118663e+00,6.247636252266921986e+00
2.951143846975819329e+00,6.204950096549247007e+00
3.845784658288574853e+00,5.782079024941662482e+00
2.972043598186111524e-01,5.663265293394422528e+00
3.808126868593412873e+00,7.376702194815124791e+00
3.861016773793579215e+00,5.335944301754379282e+00
5.769052791409425396e+00,9.077712042906290080e+00
8.699408090499765933e+00,9.841669127809399953e+00
2.983096946940273053e+00,7.107204040946457191e+00
4.767157681660880719e+00,9.732578100681468669e+00
6.119691888007587011e+00,8.427095529972254084e+00
5.930285286211400830e+00,1.114079290564353286e+01
4.742832731870158192e+00,8.224638197003105944e+00
9.346209538293964059e+00,1.109684146898021240e+01
6.625778124770057786e+00,1.237507894353563564e+01
6.500795163283392242e+00,8.582375899366180505e+00
3.775289806327472242e+00,7.585064581438545339e+00
5.343939341667176990e+00,8.076224874871559933e+00
4.114148984598650749e+00,6.294894174253508723e+00
5.915885500491404159e+00,7.121178711595777422e+00
5.311820096368828459e+00,4.968686550257764623e+00
4.668053603891332060e+00,7.032467196374861729e+00
8.615380530117342062e+00,9.189977983171143450e+00
5.030826643518304664e+00,6.141621327571849420e+00
9.401551409497532319e+00,1.311241212438439696e+01
6.145603846573889584e+00,1.068254524814850726e+01
5.975675756434599251e+00,8.983429905696027618e+00
8.003145063731306408e+00,9.922084410340001881e+00
2.789874234274495102e+00,4.015229542037731747e+00
5.139852002857843161e+00,9.908977773472088302e+00
4.665541915344603829e+00,8.441275372596180659e+00
8.419269410689151911e+00,9.001746516984249880e+00
5.045317850162856388e+00,8.765015946661547375e+00
7.777868672733366573e+00,1.184462340311469042e+01
7.581962698854598948e+00,9.609981109952064671e+00
5.718949597825169207e+00,8.316150081248583348e+00
7.560775266480215251e-01,4.754429082249464145e+00
2.781232149611735593e+00,7.835412432774121250e+00
4.785167586926004191e+00,9.776520677252085179e+00
6.298686812975810234e+00,8.680921865392511094e+00
4.685510605390789785e+00,8.822181821132902613e+00
6.628945859729087786e+00,1.147154682103887779e+01
6.229243842020782296e+00,1.032884808402580568e+01
7.431770265470710513e+00,9.783591343217603153e+00
7.820248910728183844e+00,7.800398255204445519e+00
4.844880229343815792e+00,7.257401783648656846e+00
4.924213031811751407e+00,5.682237613175095348e+00
6.514049768117007311e+00,9.461056635098433532e+00
6.586741566634265688e+00,8.019641953972380222e+00
5.168895575276440724e+00,1.067011947288086127e+01
4.393088730469547620e+00,7.192224365269475506e+00
6.293553032772134515e-01,1.776687894318501826e+00
5.039892595535944153e+00,7.729786902995699371e+00
6.849548393276212011e+00,7.634733040964280626e+00
4.648500355254359562e+00,6.025789870438280182e+00
6.714576615270101634e+00,7.334877476609125146e+00
2.159308215218092908e+00,5.484798361098991215e+00
7.281906407695334593e+00,6.523887434212070957e+00
6.359994457737018436e+00,8.786625634290036402e+00
1.931916672531214019e+00,5.499567154118199852e+00
7.148207668508204549e+00,8.485042262761867349e+00
5.210233972993517426e+00,6.959617690780823374e+00
5.072911526964262841e+00,1.082453926291567292e+01
6.964399958753752173e+00,7.528403824616137996e+00
6.595894296845037807e+00,1.141685960449055770e+01
3.240620147915335814e+00,6.479294807910659593e+00
3.747003417176047790e+00,4.942673093493412217e+00
6.663976653209280343e-01,3.983161525415063409e+00
6.799119396325258080e+00,9.882172023463079213e+00
2.168569742322353111e+00,5.768357499123514032e+00
6.350874613593189721e+00,7.554233630541824951e+00
4.394310618628450626e+00,8.480305384752446329e+00
3.184768858682581971e+00,7.327101593762693987e+00
5.887173925556256293e+00,8.835486626819156086e+00
6.076385333314018311e+00,9.145258771052999336e+00
3.936464125836973693e+00,8.271018936685637257e+00
3.945262082167000806e+00,6.957843954445046997e+00
2.845552096559926802e+00,6.523896792816670676e+00
9.643013530058874849e-01,2.959148911006783678e+00
1.055365532161830089e+01,1.426737900919833990e+01
5.599041058783861047e+00,8.954457771550048406e+00
5.735709685429301707e+00,6.728336736896228132e+00
5.723391848623865741e+00,7.272684706804262156e+00
3.153055130161064312e+00,5.180204657171433524e+00
5.499838274630223900e+00,5.437993465286115935e+00
9.409270559277825186e+00,1.131682123464285894e+01
8.579065846738020085e+00,1.165641777175170191e+01
3.199285562076500167e+00,3.790794123341608035e+00
5.509357396214407565e+00,7.068091377420283372e+00
6.211668747713386729e+00,1.073569491801881348e+01
1.058802771532830533e+00,6.667907002483238088e+00
7.686291245013494589e+00,1.171303311329673846e+01
6.514940271801616944e+00,7.608790743055573458e+00
3.712256245313731107e+00,5.724322194834385868e+00
8.443519773709017073e+00,1.054585541366785328e+01
5.445597272179571569e+00,1.030060220934924153e+01
6.136277775999449347e+00,6.770359694873405054e+00
2.490795118741085279e+00,8.481171981423656803e+00
9.748597096267701545e+00,1.021994624378101335e+01
5.978689645931911656e+00,9.535090306964418616e+00
6.692154594998818595e+00,9.141060072103870837e+00
4.792718821901514659e+00,5.639417616732600891e+00
6.537637771216459726e+00,1.098342506185859868e+01
7.039007646778501659e+00,9.856587700832317722e+00
1.887111322362989618e+00,4.751343430037941573e+00
3.563411839801196024e+00,7.892038575937252887e+00
3.701674813189846702e+00,7.275923852458556773e+00
2.845981255945421839e+00,8.254954089627238645e+00
5.309942580706560555e+00,7.777799462362486871e+00
3.266585026149516402e+00,6.349757837828362561e+00
4.433683373080919310e+00,6.469826411584516990e+00
8.762944442407221146e+00,1.166750818102326015e+01
8.163194626025408240e+00,1.070109623381543074e+01
1.924367660682092751e+00,5.518074838492023737e+00
7.718362618986628121e+00,1.014422389355330978e+01
7.155881080614586942e+00,8.841230936190081380e+00
5.809737588539503506e+00,7.995898959941206030e+00
3.922019942601318920e+00,8.102313931431220695e+00
5.112947719938676805e+00,8.901244669543858734e+00
9.414222221455823103e+00,1.199093508602413571e+01
4.215094436042647885e+00,9.106808122910170056e+00
6.416602497157134266e+00,9.029709281571680179e+00
4.002966282021187538e+00,5.374484609303539884e+00
6.452447344198972701e+00,9.284465821696713306e+00
6.111817838738138775e+00,1.062685603533156886e+01
8.309599525596350844e+00,1.076462027663068710e+01
6.442322718266140669e+00,7.040955194312685350e+00
4.415274193907156253e+00,7.349219409735848529e+00
7.809682887002391993e+00,9.774507343709041507e+00
2.393282099891316239e+00,7.090440950012586008e+00
4.276957498932693724e+00,7.156346393427976516e+00
7.122871331039446474e+00,9.623197908790515953e+00
3.570315645533537641e+00,5.198274795659964198e+00
7.732772947461426405e+00,1.359549409749821969e+01
9.107188066046489894e+00,1.324029190991217142e+01
2.743895275852441085e+00,7.196119331833578769e+00
5.779981783919946992e+00,8.965097586000535301e+00
5.536800617582168016e+00,8.877102300063533846e+00
6.461780584427346596e+00,7.191553881983815621e+00
3.958314647895964100e+00,5.796568632402829380e+00
7.258010470842583217e+00,1.232528915706125083e+01
4.786014700304096259e+00,9.465210437359948159e+00
6.161073938687894547e+00,9.953342689476510685e+00
5.037113356900694505e+00,1.010186823480667861e+01
3.224877685311176911e+00,6.180793620894651674e+00
8.056136605781770044e+00,1.120862701190209698e+01
2.469507982284214531e+00,5.145530438654324357e+00
5.966568128136882088e+00,6.858732900334135962e+00
5.294271072244941756e+00,8.820025761990047286e+00
6.112312422052820438e+00,1.031997525831801532e+01
2.718826444532408626e+00,8.629353908088658542e+00
5.474626367406642657e+00,8.471395310712091842e+00
5.317238596808577356e+00,8.864259684031736697e+00
1.120303966634007775e+00,6.177357731164859089e+00
8.489138929754204810e+00,9.794446708747521768e+00
1.114155930184011822e+00,5.556278779531689693e+00
3.187551156998971180e+00,7.444899924133583369e+00
6.238137676154217104e+00,9.590793139093548803e+00
5.355126871019510126e+00,8.148031929350977975e+00
3.139166574894686867e+00,7.315936642637563381e+00
8.936263872299852196e+00,1.104739108133915160e+01
9.453408142971174044e+00,9.629741190004848406e+00
3.947087418101239198e+00,8.681590451625917026e+00
5.287727839956414932e+00,7.047123898280736931e+00
5.269675488645829020e+00,7.620745083750725790e+00
6.124551482296932470e+00,7.385345098295693411e+00
2.726177418685992837e+00,5.692802876679939672e+00
5.882104796866855168e+00,9.474752251760689248e+00
6.077258210890923884e+00,1.017093974117807953e+01
6.663996738171126033e+00,1.129085724178012740e+01
7.803047469155648841e+00,8.800035844978438604e+00
3.724303390864705854e+00,7.868396517601577322e+00
9.768613684118133023e+00,1.211552247274993732e+01
4.865576805611456557e+00,1.067967231725064714e+01
5.808530413752763799e+00,8.991698768387021090e+00
7.821451538301461781e+00,8.111750216857771534e+00
6.934541933169151129e+00,9.775783145927855244e+00
6.569769069949401796e+00,8.223803766328741105e+00
1.043242049689187567e+01,1.360237013169930442e+01
7.230615844868052200e+00,1.106979772283307994e+01
5.788592939914590119e+00,8.266730319220018330e+00
3.668698895002809657e+00,5.830223280857410373e+00
5.974950918906568376e+00,8.152773413216184650e+00
3.097531578896638216e+00,6.284356251312168240e+00
7.305774454333041845e+00,1.001218738984622192e+01
6.189171922890337463e+00,8.643975318021585252e+00
1.968314464121748042e+00,3.554343524343621219e+00
2.726841002387375035e+00,6.499591324234684109e+00
3.179244041185556036e+00,6.586905433868308180e+00
7.103784623889964678e+00,9.116018887688962735e+00
3.723198555301528323e+00,6.749762119941074445e+00
3.538012290264787474e+00,7.374844302376836858e+00
6.345528607840369872e+00,8.749918691589817499e+00
2.506456442764124937e+00,5.342151300773325673e+00
7.748560029288157125e+00,1.024535100660459008e+01
4.434147449701631771e+00,7.026176762515770946e+00
5.102790043171552270e+00,7.661033889392429685e+00
3.208911916042425094e+00,5.616712874420693780e+00
8.043621783624322674e+00,1.259705032874082953e+01
5.295502562673100932e+00,6.003469118075669186e+00
4.144028456320017817e+00,5.753099262919487700e+00
2.399498255321121043e+00,8.207872520634374780e+00
4.801587368194582872e+00,6.582189922676388250e+00
3.375184664915302335e+00,6.667125830028355793e+00
5.067802151888598061e+00,8.764344778596987240e+00
5.958378870381596748e+00,9.121820226501169415e+00
2.272945344478212171e+00,6.243265958816307304e+00
5.181436003764924081e+00,9.289275159275240057e+00
6.830426010662287162e+00,1.047070006183729340e+01
3.725786597642327003e+00,6.632400844460205391e+00
5.049600503348457892e+00,9.219734224751835683e+00
7.406731212832244005e+00,9.673775771895764208e+00
2.306231790487518030e+00,4.829323149160941853e+00
-8.046098693194281282e-02,3.445404419412123609e+00
4.372138777948326727e+00,6.082605295042871063e+00
7.074388724522919780e+00,7.603501661976298287e+00
5.234551469011837099e+00,7.170627286775386189e+00
6.841132346220404337e+00,8.742563735658505308e+00
7.336645070234231625e+00,1.066429946238591775e+01
1.491565271008086224e+00,4.762326328063957170e+00
2.887512086246134313e+00,7.032808999390329774e+00
2.623785908468471373e+00,4.806510540519756347e+00
4.036005985886678360e+00,6.797032236320636578e+00
5.417970581226279059e+00,9.075512070775300089e+00
5.486835157650541639e+00,9.388231484245892489e+00
6.426004180625889184e+00,1.034947516402902501e+01
6.671218086490563692e+00,8.885952751010412598e+00
4.431798355112507970e+00,8.191199090915258552e+00
3.871543836908197811e+00,7.985697445417982543e+00
8.575140378747825309e-02,3.822021191378747851e+00
4.970565330852139141e-02,3.632087915746207152e+00
6.442056826730551577e+00,1.047895176407178042e+01
3.197007257105975775e+00,8.254913877838291114e+00
3.522658108835079460e+00,7.254448872972792728e+00
7.971532624674342316e+00,1.059074210929108517e+01
8.110884479843033290e+00,1.109582515676679471e+01
7.303565364141606508e+00,8.376110878969141638e+00
4.464965743211519289e+00,9.989759815098071982e+00
5.021604253000969464e+00,9.274944449722275053e+00
3.239366027971640527e+00,6.550877302660046198e+00
5.876532174137320652e+00,9.589507265091240740e+00
8.614014107201350967e-01,4.118004426882563074e+00
8.840773216372129539e+00,9.380647613880285007e+00
6.565679943850685873e+00,7.469901893684775196e+00
1.680936966457944326e+00,5.956210831551580043e+00
7.399367531782331753e+00,8.395128922965868767e+00
2.293932139489885724e+00,5.269278153179515201e+00
2.590931769449304145e+00,4.806482884371647835e+00
9.074725743304759007e-01,4.395578379273694658e+00
2.735733015242916455e+00,5.067886699189496191e+00
6.180091681022023664e+00,8.567853692052242565e+00
4.871360887946567075e+00,7.830285453123906336e+00
3.728275747256430961e+00,6.419583372680830458e+00
4.901456226406267547e+00,8.765749149933988349e+00
3.752984822788117292e+00,7.765399170950037622e+00
6.644812215601952232e+00,9.471591743332751889e+00
6.855528980293557950e+00,7.693773414189326587e+00
9.969354659361693294e-01,6.132614598240389014e+00
1.026562766666646453e+01,1.344155937282179281e+01
7.068091889134031192e+00,9.807993790472856688e+00
1.667760171973097449e+00,5.578632299000060968e+00
3.744092233295596817e+00,5.960772423116843299e+00
9.124565119284948622e+00,1.020781102799659124e+01
5.756790422669479490e+00,7.058641287862359448e+00
4.643085602568678638e+00,7.064433225468451205e+00
2.753584366091094804e+00,6.853844023414843889e+00
3.204323216614794578e+00,5.876586905974940045e+00
4.576316013758095380e+00,6.223683299056953722e+00
2.730139568629719182e+00,8.374066177911723585e+00
5.516294996347840929e+00,8.735584966261424000e+00
5.795513345838409158e+00,8.718839575613605675e+00
5.179527588863191312e+00,7.257462746304437218e+00
4.433390622354114186e-01,3.016632114957070065e+00
7.577568331672436486e+00,9.437165036642017668e+00
5.841192331063265186e+00,9.129612499654728097e+00
2.351398077413383358e+00,3.966550124344353279e+00
4.191397907757541397e+00,6.173233485498831996e+00
1.984629703616313634e+00,6.295666098256878840e+00
6.796630575114531503e+00,7.694358510829420794e+00
6.608572784152425328e+00,9.609128758980761020e+00
1.802767571753244980e+00,4.720959971132588251e+00
5.988865459358159171e-01,5.543852273432166911e+00
7.790314194826294170e+00,9.868201227078831295e+00
2.337938895678581819e+00,4.411682684969296275e+00
4.707777872498986049e+00,6.484373722279846319e+00
4.668193868484575404e+00,6.811471023894513976e+00
6.338748493735341327e+00,1.110577849431225772e+01
6.525641362943859214e+00,1.135785680415109944e+01
4.052717204187143096e+00,8.019690754285230483e+00
5.315065909878270212e+00,7.889639509968517039e+00
1.896298654867697309e+01,-1.574929568790578394e+01
1.919078304653377032e+01,-1.673902230277201042e+01
1.860201513391842454e+01,-1.732122935258894358e+01
1.758396135399435423e+01,-1.815745881725883848e+01
1.860646332363457489e+01,-1.784208402759713152e+01
1.997521415337475048e+01,-1.767123128742058924e+01
1.846954009946566444e+01,-1.756818074303538779e+01
1.782785881784697679e+01,-1.687185030135390207e+01
1.876379622934278402e+01,-1.605255944174415461e+01
2.091379503495195635e+01,-1.697361048517078430e+01
1.912833859509584400e+01,-1.624046307059110461e+01
1.805996389761567045e+01,-1.707896236395756517e+01
1.790213221575167424e+01,-1.808571259261358932e+01
1.774027569177209074e+01,-1.622790953642743617e+01
1.940115112408425091e+01,-1.763243433684787220e+01
1.961447366028359340e+01,-1.799565525912467479e+01
1.995651164951063450e+01,-1.565129494429159607e+01
2.027311274584212342e+01,-1.719874633526741903e+01
1.979004462713880130e+01,-1.828931223744040935e+01
1.965753739541696277e+01,-1.523326498436632903e+01
1.793970717865363085e+01,-1.580944709223067335e+01
1.870715164894486193e+01,-1.620078698885483703e+01
1.711378759411549666e+01,-1.756787747843954506e+01
1.927817457762272113e+01,-1.540385914801360201e+01
1.871808245739195797e+01,-1.738914972656698055e+01
2.039211321294032331e+01,-1.690441407573138832e+01
1.867608009578302486e+01,-1.591533357665023374e+01
1.959666992326969392e+01,-1.617578631185683946e+01
1.920120999063426837e+01,-1.631787649921498939e+01
1.913603588320214044e+01,-1.470131367564846947e+01
1.907705474745644736e+01,-1.588442917626962725e+01
1.929430725175677708e+01,-1.429060463800471759e+01
1.931695804251089044e+01,-1.636913073160505405e+01
2.013354800308525228e+01,-1.498195552330638236e+01
2.039201973049206629e+01,-1.498290977034905325e+01
2.014949392586034804e+01,-1.590918589621389501e+01
2.126509958937370115e+01,-1.613746684877409976e+01
1.894887268212231035e+01,-1.764488088067792404e+01
1.999505341398906921e+01,-1.568517821046016181e+01
2.063881717939070626e+01,-1.780402623126683892e+01
1.937594309315547036e+01,-1.693201848085384142e+01
1.802001490108703763e+01,-1.763591624909157929e+01
2.131249139920593549e+01,-1.547008347048814159e+01
2.018811277982351271e+01,-1.777774196847517274e+01
2.056489518587148879e+01,-1.780814056277335311e+01
1.875304499321443785e+01,-1.569910047458114732e+01
1.902441395379171496e+01,-1.794631898353034316e+01
1.864617043555446330e+01,-1.682912568062377545e+01
2.015275572656277348e+01,-1.699681581348776760e+01
1.836297896288524001e+01,-1.805370834606658192e+01
1.877497725530361450e+01,-1.512441820684153981e+01
1.991031160186942728e+01,-1.617644177077605505e+01
1.978002432513476450e+01,-1.788002253361775473e+01
1.971574231241849517e+01,-1.831315133997244260e+01
1.829039897620237198e+01,-1.748052897355420399e+01
1.922032907998757523e+01,-1.826492788064627604e+01
1.855696108452406534e+01,-1.743725713441105185e+01
1.856052720796689215e+01,-1.553489274615759719e+01
2.142144726111364150e+01,-1.596020182345030136e+01
2.112328595084394678e+01,-1.707498423948387511e+01
1.868444538459274185e+01,-1.561738979035045816e+01
1.852759682230455240e+01,-1.722366008498862655e+01
1.736926000159334293e+01,-1.541278776750600699e+01
1.951855013079140733e+01,-1.715277631172540751e+01
2.026648430359154318e+01,-1.732540096090929893e+01
1.937604873585387821e+01,-1.668279742971930446e+01
1.875510911356281696e+01,-1.674076118041954686e+01
1.818825382473048435e+01,-1.676439341148152806e+01
1.928600484109533042e+01,-1.631860540381233804e+01
1.995429683214930350e+01,-1.800692299069639546e+01
1.896637087378677222e+01,-1.645977298303169789e+01
1.997326768619092974e+01,-1.684562707920883184e+01
1.913774489144732982e+01,-1.661197793127210787e+01
1.919510731501684120e+01,-1.654663871390742003e+01
1.819994679347063027e+01,-1.692272539210829407e+01
1.811544785814183101e+01,-1.619111476759971424e+01
1.887511711431724137e+01,-1.666916105698975770e+01
1.959311050194276049e+01,-1.814326503510697108e+01
1.783968821377768066e+01,-1.565508217451951367e+01
2.026638160319844317e+01,-1.725440231519080925e+01
1.778995325539486316e+01,-1.614681589031247455e+01
1.823348650220715328e+01,-1.636700840826333092e+01
1.847208451031007215e+01,-1.683641218213097090e+01
1.789741903167195503e+01,-1.649355433486778111e+01
1.964867241420534327e+01,-1.829340389200539718e+01
1.850186989402913795e+01,-1.733576505162255543e+01
1.976527005541855075e+01,-1.614074364836313791e+01
2.032496054733812230e+01,-1.519534644745339769e+01
2.032534996812868755e+01,-1.875588027324929286e+01
1.892984678248926045e+01,-1.657819241917084696e+01
1.880491013485542595e+01,-1.628018607809720919e+01
1.858001879507640552e+01,-1.697760893238233137e+01
1.830121744689617458e+01,-1.786097016035128604e+01
1.874725057789456528e+01,-1.782033916923384709e+01
1.928296108449475454e+01,-1.732999840016044857e+01
2.030499188364160901e+01,-1.880851289593492126e+01
1.974520652963234824e+01,-1.512192115233636791e+01
1.983938101763734352e+01,-1.698797988526336056e+01
1.853116162188755567e+01,-1.679590395825169580e+01
1.860850231049569459e+01,-1.711945503796275858e+01
1.837967401363648889e+01,-1.780730981833284687e+01
1.877191488071420622e+01,-1.778159668065558563e+01
1.813514938547073996e+01,-1.564645665163074284e+01
1.937621739307435931e+01,-1.630282449594691485e+01
2.051297234970808248e+01,-1.641449625734539097e+01
1.897806386279616575e+01,-1.687706645500375657e+01
1.926292087508265638e+01,-1.623773625074189653e+01
1.939194108186368481e+01,-1.634780521522296937e+01
1.951800610601718589e+01,-1.859908898285640078e+01
1.768301476597117983e+01,-1.658003250956633678e+01
1.932425247030452553e+01,-1.681631989151775031e+01
1.981799133883946951e+01,-1.551059110231603633e+01
2.015400703060349841e+01,-1.758024029336444016e+01
1.949999976942897106e+01,-1.611113596211832899e+01
1.968397191409039948e+01,-1.562407349455125427e+01
1.749694810855595506e+01,-1.675353337404036225e+01
1.913518831890404570e+01,-1.641698239758075673e+01
1.877796807178195593e+01,-1.799635475445467137e+01
1.915202795069539121e+01,-1.693950701632322975e+01
1.948449639173777115e+01,-1.634698778069266112e+01
1.957755414408184436e+01,-1.719111591848567855e+01
1.861959572850544120e+01,-1.884035691469674489e+01
1.880064355366016926e+01,-1.469849292101945437e+01
1.894471513154480036e+01,-1.633285734107406384e+01
2.016014521057543618e+01,-1.761705876515599201e+01
2.029907070617524312e+01,-1.690810088997683636e+01
1.858719981857149506e+01,-1.831489372792191972e+01
1.974564431828076039e+01,-1.764904076626570628e+01
1.909447406277993053e+01,-1.648948346492873540e+01
1.876195226510686709e+01,-1.865067675551435400e+01
1.781184617677751447e+01,-1.709668710647704160e+01
1.858150191734231527e+01,-1.579419988025858679e+01
2.135441251399346640e+01,-1.856072881142058861e+01
1.878898358910912592e+01,-1.799186760232973370e+01
1.977219007688176688e+01,-1.730639346153119007e+01
1.952547421196688049e+01,-1.780785702759981604e+01
1.947622760602228098e+01,-1.679915709924560474e+01
1.824255672699095143e+01,-1.784819285125374932e+01
1.865321136490240406e+01,-1.674077492864272898e+01
1.738319104807816728e+01,-1.775247443096712985e+01
1.795250369988832517e+01,-1.759244629638159552e+01
1.922141192244546204e+01,-1.616497509391889764e+01
1.901945874889290167e+01,-1.756600889197630622e+01
1.919644254172472841e+01,-1.552433988541796950e+01
2.061223613597875115e+01,-1.658550510756161955e+01
2.135403118990621962e+01,-1.705962683443440397e+01
2.021294598795120123e+01,-1.761017723423972825e+01
2.037242033868409408e+01,-1.640051217180417709e+01
2.011756030454621680e+01,-1.602662460439527692e+01
1.993523335165359001e+01,-1.786804019200389959e+01
1.868596105103903682e+01,-1.562474855134560947e+01
1.889734243167336203e+01,-1.728399357786095081e+01
1.874008660441733198e+01,-1.629568377790069533e+01
1.791291950568238533e+01,-1.855112203600126719e+01
1.953804540119029198e+01,-1.717175012925254762e+01
1.898656252799791133e+01,-1.772280926120932065e+01
1.976842566364201659e+01,-1.531326255293111593e+01
1.707229578896205524e+01,-1.692282176651404058e+01
1.858489528219675435e+01,-1.635334013646181006e+01
1.829969115170210614e+01,-1.788891952668267038e+01
1.891994487105119305e+01,-1.714318402356813209e+01
1.917819043606741758e+01,-1.600226332281473063e+01
1.815318928139841503e+01,-1.722764118014169199e+01
2.032450593192359278e+01,-1.702458339030915013e+01
1.997869969329931905e+01,-1.756775479774272597e+01
1.788370940664639264e+01,-1.631581986166860432e+01
1.953024757208335060e+01,-1.618475208095178886e+01
1.844976962220894379e+01,-1.570903567024617509e+01
1.885466724033007679e+01,-1.653643643078126146e+01
1.950987032957790035e+01,-1.838142940607042775e+01
1.929560952710624022e+01,-1.603052341213014031e+01
1.893290681470434933e+01,-1.572947118159190971e+01
2.030828466269275978e+01,-1.622540163184534023e+01
2.146166436168066838e+01,-1.766281476985896504e+01
2.142196296435940539e+01,-1.766336215342641580e+01
1.662301630995720103e+01,-1.673384413289184636e+01
1.666838285840802669e+01,-1.816143875502351079e+01
1.821118466838452932e+01,-1.756251050583930251e+01
2.022755803045447820e+01,-1.728977625970282261e+01
1.966857009017591196e+01,-1.745324952052405010e+01
1.714820461876719548e+01,-1.617336952282860452e+01
1.949901926466243651e+01,-1.788933468752857792e+01
1.823726697203865044e+01,-1.825978823718376987e+01
1.986093069390500787e+01,-1.753010604900273606e+01
1.894218279498663549e+01,-1.879080295738451767e+01
1.900347805476949148e+01,-1.656962185093570739e+01
1.961668129998044918e+01,-1.486369293324330698e+01
1.790097408876366458e+01,-1.623841501435509826e+01
1.699576321658498301e+01,-1.611860189694174750e+01
1.980845888834024748e+01,-1.613805198618843306e+01
2.034591002485668199e+01,-1.814737857628877293e+01
1.891631344380678215e+01,-1.506065645721823465e+01
1.933058455251328667e+01,-1.798707492689319665e+01
2.031671281566076459e+01,-1.871370969122489925e+01
1.825596397495471734e+01,-1.589024149323934232e+01
1.889376618285364984e+01,-1.753544883560090284e+01
1.778816438626986240e+01,-1.776372331962794959e+01
1.711558541601990058e+01,-1.667694249128274819e+01
1.966071657843436782e+01,-1.814535591120947799e+01
1.864688283541581626e+01,-1.645083180703538517e+01
1.737557489958061296e+01,-1.609580596380365236e+01
1.997894407140406159e+01,-1.694681425866611946e+01
2.069989067711060571e+01,-1.683068761389283452e+01
1.915423080773131659e+01,-1.583821541890602624e+01
1.691523845520179137e+01,-1.772066336880989468e+01
1.872497315666036144e+01,-1.662271433889689476e+01
1.839874654472144755e+01,-1.862225033495090898e+01
1.942357507594042332e+01,-1.604729447830270672e+01
1.878850891364924536e+01,-1.723000155246528564e+01
2.160672367012173822e+01,-1.545223823537169316e+01
1.895716874998447921e+01,-1.844127334450649869e+01
2.084570417357732453e+01,-1.585301245315792329e+01
1.758900896145234327e+01,-1.734060831882741383e+01
1.997764463313097494e+01,-1.704237129152888386e+01
1.812641784515980348e+01,-1.733567997747430667e+01
1.724979157982182087e+01,-1.806958878431421311e+01
2.028846864201877409e+01,-1.839752502279615598e+01
1.944996381383227657e+01,-1.584410053195086299e+01
1.947967297535477016e+01,-1.759860160371606241e+01
1.866652106603239503e+01,-1.658706919804831514e+01
1.945674356240053982e+01,-1.620832882172778966e+01
1.965039491502642477e+01,-1.587059328338272657e+01
1.773457724914651479e+01,-1.718215398274844219e+01
1.900884437258913806e+01,-1.616306209766141677e+01
1.962442200513419976e+01,-1.773496630926509354e+01
1.933704565028760669e+01,-1.720447982382015439e+01
1.926844038671724491e+01,-1.660575969136791841e+01
1.815818998001429918e+01,-1.701788390491081060e+01
1.980179438881497589e+01,-1.576961239113641433e+01
1.844224835548008556e+01,-1.726282121179649920e+01
1.884887928254203615e+01,-1.483105065877583684e+01
1.859251960612605714e+01,-1.616006951675510450e+01
1.739557425110934474e+01,-1.595326194003155607e+01
1.858625973446853408e+01,-1.599440699101487517e+01
1.802112526150214933e+01,-1.741733129520801171e+01
1.932457000684740933e+01,-1.820787957620549946e+01
2.016816686806914660e+01,-1.749366297897035238e+01
1.956584628996468211e+01,-1.829565453425443167e+01
1.878102278280380588e+01,-1.789271127780740755e+01
1.903873653572711078e+01,-1.722500817157009934e+01
2.045308371968662442e+01,-1.672574769540118922e+01
1.960858901813590549e+01,-1.911082222969416122e+01
1.854590091154771869e+01,-1.565121892081085697e+01
1.825664705657211329e+01,-1.834424399926343696e+01
2.026668060963242368e+01,-1.698416772987351564e+01
2.120422926808941355e+01,-1.621145319661237139e+01
1.883323975139992257e+01,-1.727959374997385211e+01
1.715044764661916687e+01,-1.688787510892925781e+01
1.814003807514394495e+01,-1.590315626087453182e+01
1.869667633423818387e+01,-1.603694047910201803e+01
1.966069469040216333e+01,-1.821898112885110876e+01
1.886339735227778647e+01,-1.574526328211260306e+01
1.816863231010750468e+01,-1.569756200935506030e+01
2.062524795838983849e+01,-1.846889801138261689e+01
1.840844032380728024e+01,-1.877165105775806353e+01
1.788862353508206482e+01,-1.627743187898807875e+01
1.771835373492127985e+01,-1.759446403823136862e+01
1.953798822778431088e+01,-1.539781350503268875e+01
1.940121044582981469e+01,-1.980068471982783507e+01
2.034403436323587755e+01,-1.703533215973895665e+01
2.030380725106426354e+01,-1.597977166716785646e+01
2.009112373752117620e+01,-1.553061722226657260e+01
1.909171114833736738e+01,-1.495375464349554662e+01
1.952238299300456248e+01,-1.851695269951723688e+01
1.718800473558506070e+01,-1.716421788663300774e+01
1.816519881429775296e+01,-1.687256187498364568e+01
1.972734175896201947e+01,-1.604485885269316015e+01
1.988681424375536722e+01,-1.779822607254972411e+01
1.941806494739663691e+01,-1.814431514849035310e+01
1.891159093567778982e+01,-1.784741202269757920e+01
1.840026856561059887e+01,-1.812158899794669864e+01
1.832046593690694891e+01,-1.590265384512246882e+01
1.793513034970175468e+01,-1.707710613223471796e+01
1.910129271833266529e+01,-1.635098681695472678e+01
2.070550334521418634e+01,-1.835763739416917062e+01
1.884270348833134534e+01,-1.747047432997849725e+01
1.965620221640764598e+01,-1.636235507036496273e+01
1.910709324745774396e+01,-1.742018224316724684e+01
2.095353180555033745e+01,-1.697388616626940561e+01
1.923422912162828524e+01,-1.814479119001870089e+01
1.785042170069489131e+01,-1.777337067369911594e+01
2.092525445225816227e+01,-1.811578680591008705e+01
1.713313580840923223e+01,-1.438072398089699355e+01
1.870520453310445319e+01,-1.698881094535245850e+01
1.929816805910642330e+01,-1.773525932637699398e+01
1.815625838796146141e+01,-1.574495866167189995e+01
1.884803378303878674e+01,-1.640560310377748721e+01
2.056357872475496507e+01,-1.727038852256235657e+01
2.094135276478039742e+01,-1.756942791410315863e+01
1.923575976314940306e+01,-1.774851810692682719e+01
1.931703626396496531e+01,-1.657919277558161042e+01
1.785054160753059449e+01,-1.614049262270691543e+01
2.033546208682993139e+01,-1.763509655586949876e+01
1.825623826060213872e+01,-1.645783152372732161e+01
1.862693766993668731e+01,-1.613221085881022887e+01
2.080239316654698101e+01,-1.790218924123566779e+01
1.853848073710182476e+01,-1.785273458569731631e+01
1.975892951842044098e+01,-1.629212445935081988e+01
2.066856293155296243e+01,-1.837402507111481142e+01
1.773641878991571730e+01,-1.691660193433916248e+01
1.963597106809467618e+01,-1.788595462966658900e+01
1.765896521282683196e+01,-1.888774594683831154e+01
2.018053263528508268e+01,-1.709971626831207914e+01
2.064948208099605154e+01,-1.709886898786621146e+01
1.895055092889245785e+01,-1.632817799475550302e+01
1.915554764966740819e+01,-1.588518184664937749e+01
1.759834155193738070e+01,-1.885656964987899187e+01
1.833810360185708177e+01,-1.909353162736103826e+01
1.842105727463118470e+01,-1.753668996534061364e+01
1.815137500861519371e+01,-1.782055631358337422e+01
1.886121069255855076e+01,-1.711713244969635994e+01
1.904357546515121058e+01,-1.593902402395561069e+01
2.012907473255859969e+01,-1.630486128367199328e+01
1.981902420993067437e+01,-1.773644524579652071e+01
1.801103358270126265e+01,-1.618447773918378374e+01
1.798235915475985536e+01,-1.538026252723464715e+01
1.739833993324873518e+01,-1.827422767177461793e+01
1.837834475156295255e+01,-1.754389512061872480e+01
1.817845449858349127e+01,-1.762202352060602095e+01
1.815891346455277855e+01,-1.746276786727501928e+01
1.955434685197528921e+01,-1.521514044569393143e+01
1.890683006248029585e+01,-1.683906617832076691e+01
1.977583418449346553e+01,-1.552913947745734546e+01
1.862573700828104251e+01,-1.630244251095836816e+01
1.709907429828178493e+01,-1.613808149115835278e+01
2.027226660463142593e+01,-1.841477054715842243e+01
1.786070122257615012e+01,-1.756855074162971775e+01
1.890562432375255142e+01,-1.765355248402073940e+01
1.877935124441593473e+01,-1.600744500772220746e+01
1.931122432760770380e+01,-1.686136569163383214e+01
1.863744055321333448e+01,-1.715599356191560787e+01
1.844191333980619518e+01,-1.560280498697034446e+01
1.785671685802276087e+01,-1.712849187454762756e+01
1.739828596343970446e+01,-1.671865512235843809e+01
2.056171809001136097e+01,-1.666408932038030599e+01
2.037603572649664230e+01,-1.710270520045905585e+01
1.933821919352181595e+01,-1.832849134536907698e+01
1.893929665173721588e+01,-1.741021799626762245e+01
1.858864282955849490e+01,-1.537211534755026854e+01
1.829187687589823241e+01,-1.917309725949046140e+01
2.034283348496400023e+01,-1.609147549244485376e+01
1.832953453715647996e+01,-1.730816789732568495e+01
1.962817999794107848e+01,-1.739424497745848441e+01
1.889983663011516413e+01,-1.581277616470721270e+01
1.981803931809162478e+01,-1.650802586915881776e+01
1.905802262677078218e+01,-1.638204250584143651e+01
1.910042069801951570e+01,-1.757496633492302252e+01
1.986465651964643087e+01,-1.917413467935941540e+01
1.899428129661664499e+01,-1.733434006434272945e+01
1.752196125492352152e+01,-1.683942786852957241e+01
2.017586731578845516e+01,-1.670571398970142951e+01
1.927596633667812753e+01,-1.597575103891370318e+01
1.825418921442949838e+01,-1.751836168798260829e+01
1.945250226935313975e+01,-1.627964027021993232e+01
1.852603519375577434e+01,-1.836138014344437153e+01
1.891652980015430785e+01,-1.660091752318685465e+01
1.831348763476928454e+01,-1.807518571755434422e+01
1.839268620983959579e+01,-1.672677335193600001e+01
2.022813029179330258e+01,-1.891616632335676584e+01
1.827301506590883662e+01,-1.816692479348737876e+01
1.801804511318406199e+01,-1.590724341276832376e+01
1.961833017472543617e+01,-1.719628136714943878e+01
2.011589421929629040e+01,-1.699215497849919032e+01
1.903361692446753395e+01,-1.849978770142623929e+01
1.863921114612755048e+01,-1.817288174214236562e+01
1.861834424572350954e+01,-1.751833825978578574e+01
1.798675933910242364e+01,-1.735574544368701666e+01
1.807897729589119962e+01,-1.636800401813582440e+01
1.805993826377611811e+01,-1.567089627011627861e+01
1.990235063817051397e+01,-1.644191495018236182e+01
1.794098695398186294e+01,-1.839746695273581523e+01
1.904466807163719011e+01,-1.674429967463849067e+01
1.940631611254626776e+01,-1.636526455124103663e+01
1.862360918083137307e+01,-1.632381251140460421e+01
1.904257026025764787e+01,-1.766726197009185029e+01
1.983402279072138086e+01,-1.633907640361850255e+01
1.887057831727901913e+01,-1.536224972148157342e+01
1.902406726745294208e+01,-1.851463675821905852e+01
1.856188393031256822e+01,-1.613743681381511408e+01
1.889537195596765073e+01,-1.761104191112622530e+01
1.961470972998708717e+01,-1.897228438777342063e+01
1.980150485385635406e+01,-1.705635768671989538e+01
2.012730008961881722e+01,-1.860210881910102643e+01
2.029873902915520389e+01,-1.511782176221491092e+01
1.951507294052862207e+01,-1.457188352003099929e+01
1.775939218733859093e+01,-1.585124912502492300e+01
1.936562369682592077e+01,-1.707358126733287307e+01
1.833319881202977086e+01,-1.593234342925821423e+01
1.925776374634860133e+01,-1.669923270486278000e+01
2.008272386222846961e+01,-1.745600868052679289e+01
1.882694038497579214e+01,-1.674439951827165274e+01
1.804568263137901596e+01,-1.562095114928964712e+01
1.970674703245451198e+01,-1.570302083776760860e+01
1.941877266271900027e+01,-1.604773988347593416e+01
1.702016902860277625e+01,-1.734213122600501578e+01
1.811282380022863236e+01,-1.721364053636650482e+01
1.934099720544078949e+01,-1.674006510094734068e+01
1.881517377257934243e+01,-1.735896874596587480e+01
1.903036915607529167e+01,-1.653053072219289632e+01
1.723917434969122908e+01,-1.732933955612230292e+01
1.952503001406362770e+01,-1.883497608909138066e+01
2.072387383505590108e+01,-1.671335809269821127e+01
1.997810408336189170e+01,-1.784338929225424053e+01
2.187421094810557065e+01,-1.645184885760092541e+01
1.941852430629284854e+01,-1.668156220737467166e+01
1.969491771408742053e+01,-1.875937803961796035e+01
1.909653315238898585e+01,-1.744852756113990822e+01
1.958444954083894629e+01,-1.765701751914350126e+01
1.901314487445597123e+01,-1.844588706488747221e+01
1.889496300466315404e+01,-1.727141389666305571e+01
1.907995889912434251e+01,-1.693097997597466886e+01
1.797253608641429423e+01,-1.784253203099969909e+01
1.900077807416988662e+01,-1.732758473761661833e+01
1.910471489572025661e+01,-1.685515082564572609e+01
2.106028617850122231e+01,-1.649976812690385586e+01
1.905852158247498807e+01,-1.491446094978515546e+01
1.850467282448150286e+01,-1.783170228555822590e+01
1.945112563559926500e+01,-1.757656372179010518e+01
1.955397661090999861e+01,-1.619400125410835045e+01
1.927401751122297568e+01,-1.615786039559239740e+01
1.915726472771274658e+01,-1.763297353947417889e+01
1.774531335416406819e+01,-1.820936218066541556e+01
1.967016612840144063e+01,-1.608776413877198763e+01
2.128432789294663507e+01,-1.715394431815780152e+01
1.818611026765815808e+01,-1.593410604774014772e+01
2.030094123189626742e+01,-1.746286690940703679e+01
1.975825969335167898e+01,-1.844197364447452614e+01
1.824123615241238738e+01,-1.718494661667312329e+01
1.840463457484148435e+01,-1.619282204071960507e+01
1.752440852405021232e+01,-1.660800196771581128e+01
1.863440582174492022e+01,-1.581472103016666964e+01
1.836204067851196697e+01,-1.526778402145142621e+01
1.789942000982230041e+01,-1.542383058733565981e+01
1.837282876446043645e+01,-1.758717377854117103e+01
1.970575544370928966e+01,-1.757701903281785505e+01
1.905014523496789991e+01,-1.712268531419802642e+01
1.772964252712658606e+01,-1.603266945807109423e+01
1.972981898565011605e+01,-1.590195857128601453e+01
1.988252799672653381e+01,-1.830800076237387586e+01
1.858259124416358787e+01,-1.668413278591498994e+01
2.035602188663831313e+01,-1.757554449429783716e+01
1.781812863964559668e+01,-1.792929265868918165e+01
1.837285165564533784e+01,-1.681511029733371387e+01
1.896393731469547461e+01,-1.818285305957524400e+01
1.918703509955241771e+01,-1.587126731649205169e+01
1.890456102201703814e+01,-1.762753627928563560e+01
1.973929342777789842e+01,-1.824726057316745909e+01
1.872637415377604242e+01,-1.679011925888754675e+01
1.856464797509147502e+01,-1.715228082418404654e+01
1.790350894044236441e+01,-1.664331236788571289e+01
1.730204789301473411e+01,-1.765814294255166672e+01
1.834434509476375652e+01,-1.704256822614822298e+01
1.773359053678894526e+01,-1.584297142547787196e+01
1.872967829446430343e+01,-1.857629951469801810e+01
1.860284429441318821e+01,-1.790280132640920741e+01
1.988210955785142886e+01,-1.762437061957782802e+01
1.798262956224137099e+01,-1.785520717013336522e+01
1.846354438642817186e+01,-1.651035917722422042e+01
1.871771459003750948e+01,-1.809116750185502909e+01
1.983129032954822790e+01,-1.597425514885357600e+01
1.967037046574444759e+01,-1.795084743490293988e+01
1.925999247389032476e+01,-1.637828619001292907e+01
1.849629320341273342e+01,-1.677312138769716654e+01
1.905520092675274313e+01,-1.605571958194244431e+01
1.926491074857860752e+01,-1.610714641824268867e+01
1.907791650953948093e+01,-1.718017088125347769e+01
1.932827616192192011e+01,-1.627651574720796646e+01
1.816843869288690527e+01,-1.766578724799144240e+01
1.765394700396508298e+01,-1.695082670182601348e+01
1.923906483288938318e+01,-1.907272347457203310e+01
1.828948794928696131e+01,-1.827085272106491942e+01
1.695784991765859928e+01,-1.794739649289397221e+01
1.922381809883122017e+01,-1.720403882895352154e+01
1.903324466868669518e+01,-1.945930355524867394e+01
1.906795135149027587e+01,-1.691694555340947304e+01
1.949958993445282118e+01,-1.614307154414513690e+01
1.698658590291597292e+01,-1.741949919952051928e+01
1.893349285373159319e+01,-1.604241404528375625e+01
1.929407709152077643e+01,-1.508068867233147259e+01
2.156576826159965421e+01,-1.676095366859046365e+01
1.818058330686626078e+01,-1.631814996539370810e+01
2.183504052673304585e+01,-1.615729035823776627e+01
1.916803128702905923e+01,-1.756085048751675970e+01
1.937743888810863169e+01,-1.902995140444696531e+01
1.921669150447011631e+01,-1.862313832263786040e+01
1.818140824597142213e+01,-1.747614077541430433e+01
2.022104226315501307e+01,-1.853609127820902458e+01
1.969528249287134969e+01,-1.687659823809523729e+01
2.085598711293699026e+01,-1.863037074976387686e+01
1.820230418576249676e+01,-1.819087924182295524e+01
2.020106015469103511e+01,-1.657966598872043562e+01
1.618209814763740440e+01,-1.509905283270231457e+01
1.992443489857384264e+01,-1.672053219700649862e+01
1.962487010259324549e+01,-1.731674488422419955e+01
1.853321265389407912e+01,-1.884981066757967483e+01
1.831612818108945362e+01,-1.522450024818366821e+01
1.776069729144040821e+01,-1.474175596300927182e+01
2.017325780589087714e+01,-1.937409577539925465e+01
2.017452135587580386e+01,-1.768412531836234081e+01
2.018036027546694200e+01,-1.674638463339585570e+01
1.948362976754591713e+01,-1.628347853299080228e+01
1.733011619197434428e+01,-1.591045103877367595e+01
1.969671396684601916e+01,-1.597911789742128441e+01
1.891162906934101429e+01,-1.627813531646620859e+01
1.887527899916781493e+01,-1.685351911647918044e+01
1.862389684206154072e+01,-1.780032958198690451e+01
1.837089110580056328e+01,-1.663486851678052858e+01
1.879586845152659436e+01,-1.652207219660309434e+01
1.815298000974519610e+01,-1.647609905689067489e+01
1.989794818031191781e+01,-1.618419124886112925e+01
1.954637970648455436e+01,-1.658307913567406189e+01
2.010024296331417659e+01,-1.787772449672362995e+01
1.930713603381131804e+01,-1.799684694226274928e+01
1.868760811009822120e+01,-1.792861274009205630e+01
1.774096518108085263e+01,-1.670530472103844488e+01
2.050866469754234700e+01,-1.788433862098785099e+01
1.994261447309322577e+01,-1.639539406590691328e+01
1.858508121411663083e+01,-1.647097931963831385e+01
1.723215204361054020e+01,-1.992947992571263427e+01
1.879046598171090210e+01,-1.732656436478031736e+01
1.914441345591524524e+01,-1.943316773172644218e+01
1.644334594834087682e+01,-1.763936966257386274e+01
1.923656191880150601e+01,-1.838506615309751879e+01
1.783575679727838903e+01,-1.774495594673502552e+01
1.672335343638007998e+01,-1.840421462364720995e+01
1.898449401810086101e+01,-1.760792015848091197e+01
1.912814589146143263e+01,-1.660489842563271168e+01
1.896804642922449702e+01,-1.739673112206392247e+01
1.949223084704936326e+01,-1.677734929710359069e+01
1.863354045322439489e+01,-1.673756870846111511e+01
1.838500830353120463e+01,-1.700248244372528106e+01
1.798452370722429450e+01,-1.782407781817160242e+01
1.855910676510975676e+01,-1.565780214142038673e+01
1.769198674406374394e+01,-1.670715008415193381e+01
1.971400457954317886e+01,-1.543144975326231894e+01
1.883324302222799673e+01,-1.636110531890307485e+01
1.706144982432189394e+01,-1.855366199455074039e+01
1.926633134947698878e+01,-1.671234758124550623e+01
1.952856859741286755e+01,-1.834939703429088453e+01
1.885873930790182484e+01,-1.597025331106680213e+01
1.760559023560376346e+01,-1.731833900464808096e+01
1.985525436604098104e+01,-1.735859196960101514e+01
1.768510030046406101e+01,-1.777585402971446271e+01
1.993514417045895470e+01,-1.688846275044676304e+01
1.780574250437888395e+01,-1.652054264742918832e+01
1.796088957582416867e+01,-1.758746230761364515e+01
1.902567293628924716e+01,-1.561157831545686747e+01
1.860760869502370696e+01,-1.768786798261129789e+01
1.772360274750322873e+01,-1.693715543853019412e+01
1.896846008986565479e+01,-1.741515670307329700e+01
2.116643894143317439e+01,-1.524120910369167170e+01
2.023205414941868696e+01,-1.631912800970132693e+01
2.017172087706620331e+01,-1.684164359751297724e+01
1.844463597780968556e+01,-1.660351308491996036e+01
1.823919102571850814e+01,-1.767589011406024468e+01
1.857826173412745874e+01,-1.856046369255361839e+01
1.710662724143152857e+01,-1.761490272201509200e+01
2.078214341249605113e+01,-1.870498874707470804e+01
1.769080023711335770e+01,-1.688392882794072847e+01
1.842642472806623744e+01,-1.730998733756830887e+01
1.914968314334631572e+01,-1.739180639099895842e+01
1.991226349702357723e+01,-1.736906898450681780e+01
1.910214319414329864e+01,-1.850532732320930407e+01
1.758315711107670865e+01,-1.706171040192287336e+01
1.898845634804805727e+01,-1.702660173279140920e+01
1.884690345976478199e+01,-1.752365633758877550e+01
1.995455637603500065e+01,-1.619568339074069385e+01
1.801640757792897674e+01,-1.658947474485384888e+01
2.066799801535761105e+01,-1.723432097669309115e+01
1.920320591202039751e+01,-1.719733643784395127e+01
2.032779827394471539e+01,-1.495977162653127301e+01
2.057167926379044331e+01,-1.582576490128488444e+01
2.015919107125714049e+01,-1.807202482900236262e+01
1.852799598161188754e+01,-1.669955462974075289e+01
1.937503575709651216e+01,-1.707509750251088221e+01
1.942693905038864699e+01,-1.647129165649459281e+01
1.963139004657377029e+01,-1.635651489160147065e+01
1.952217903689885148e+01,-1.652291418759860520e+01
1.952083337410672925e+01,-1.707030573694660447e+01
2.012089976256776680e+01,-1.728920662497316485e+01
1.931375092488105949e+01,-1.614024653461915904e+01
1.914755056421705959e+01,-1.797692888066585226e+01
1.918542417402993294e+01,-1.709272933407564921e+01
1.914758847528996810e+01,-1.783437505997074268e+01
1.964325231936733829e+01,-1.469247856276788866e+01
1.834022754306589675e+01,-1.555672383300630202e+01
1.909406972423550641e+01,-1.652769335487765190e+01
1.799542813903795491e+01,-1.590223730965583471e+01
1.890652083429544561e+01,-1.689927905019723298e+01
1.844326172297714450e+01,-1.679531602000560042e+01
1.849202519491852570e+01,-1.648494861058002314e+01
1.916393945369806673e+01,-1.480827198811598144e+01
2.038997428921483390e+01,-1.828987580883734765e+01
1.951627157318081629e+01,-1.654196294284295732e+01
1.874481369836342637e+01,-1.584517044871871860e+01
1.859281624879383443e+01,-1.826806813543363006e+01
1.698616993439749834e+01,-1.662028406110891154e+01
1.881851616481153400e+01,-1.783895754036248604e+01
1.922745966694388642e+01,-1.690531655564348767e+01
2.096164063996761229e+01,-1.669034858389822773e+01
1.914028932495174473e+01,-1.643004820617704453e+01
1.945840122017047591e+01,-1.728582725263821374e+01
2.008853293969399800e+01,-1.632510020743777801e+01
2.089696955980358695e+01,-1.601585089211982549e+01
1.887796158371485689e+01,-1.759208646081733463e+01
1.726180173891590641e+01,-1.751015344746065949e+01
1.776641499706846616e+01,-1.685619394678291627e+01
2.062872527659876098e+01,-1.895793105714441040e+01
1.997614715765752180e+01,-1.706712215305449476e+01
1.729190870447881068e+01,-1.641065401409773017e+01
2.083209284834202535e+01,-1.560037389305665911e+01
1.667560464512060747e+01,-1.819227711032965900e+01
2.051137111765544319e+01,-1.716881140949596940e+01
1.843837469691578335e+01,-1.712024395216758066e+01
1.888996565781576464e+01,-1.616565466412082941e+01
1.978115819683441501e+01,-1.650669810382051494e+01
1.689303678056088742e+01,-1.695623126654493973e+01
1.772041484133588796e+01,-1.550138321808339192e+01
1.796354214851479014e+01,-1.605198160633027982e+01
1.922811765145803520e+01,-1.791165680026433193e+01
1.940611983749477787e+01,-1.885882376861991716e+01
1.817067703768607601e+01,-1.766302761943614996e+01
1.879347634211000440e+01,-1.603333115917349971e+01
1.746346166229546171e+01,-1.810444747556218914e+01
1.884384494389617970e+01,-1.871332183025002038e+01
2.127561283696219618e+01,-1.561701508584583564e+01
1.933883424038620547e+01,-1.718143030185631304e+01
1.926767313964459305e+01,-1.767830409035954276e+01
1.780677031176286462e+01,-1.724125972323759370e+01
1.962519837372406784e+01,-1.653153243396253202e+01
1.798196154051640150e+01,-1.672641744866470859e+01
1.991384719237971623e+01,-1.554149650727174681e+01
1.679340576958214371e+01,-1.687317398409192393e+01
1.888386301714259474e+01,-1.726808019370278657e+01
1.908085050403541061e+01,-1.567109073188941615e+01
1.668720091503571012e+01,-1.579138565554329077e+01
1.697699246531164974e+01,-1.721683702899739288e+01
2.078579865335328236e+01,-1.848214560560180786e+01
1.826495125511336326e+01,-1.915769697553078998e+01
1.931554452031041436e+01,-1.681228154961297960e+01
1.988865299752141169e+01,-1.624423381028605817e+01
1.876763137231331768e+01,-1.610273048634915227e+01
1.895896576936253908e+01,-1.721873389733305260e+01
1.760882547579087998e+01,-1.687974866153481557e+01
1.939854474785850869e+01,-1.729137310906157055e+01
2.042712702580602624e+01,-1.773875089628317170e+01
1.840214992698685137e+01,-1.770479185006713152e+01
1.723124500145709348e+01,-1.581288850588349604e+01
2.087919215821298735e+01,-1.686651038336275832e+01
1.914698469340945053e+01,-1.638899872544382674e+01
1.797987077770637754e+01,-1.527340642152372929e+01
1.763700398150078996e+01,-1.787556997316491447e+01
1.939113633482338983e+01,-1.709164073314234500e+01
1.717005964355373138e+01,-1.767606220254958060e+01
1.973577057509259447e+01,-1.845918879440137772e+01
1.919885975709412307e+01,-1.765308903831949294e+01
1.907346667234180160e+01,-1.693302714181469781e+01
2.018341392447337412e+01,-1.512624569497866922e+01
1.866484470573579912e+01,-1.797955471394412896e+01
1.992155872412256912e+01,-1.695070242629826041e+01
1.826965562578645219e+01,-1.605309016117038468e+01
1.799942750916677525e+01,-1.573356705642962616e+01
2.048202398683352143e+01,-1.708753299544340010e+01
1.944515085183330427e+01,-1.545053099089643389e+01
1.954174220555465169e+01,-1.768270332674305578e+01
2.045166151315691394e+01,-1.669078611614662222e+01
1.970806435227632036e+01,-1.679906883335424439e+01
1.784676953202049887e+01,-1.718575995296263059e+01
1.925195776837545836e+01,-1.794569163105487775e+01
2.015382275445593763e+01,-1.635014107040512599e+01
1.797830541754411726e+01,-1.519178833707996645e+01
1.958298852341236085e+01,-1.667963696245181993e+01
1.904339738250709857e+01,-1.658934642227623968e+01
2.054941918646329668e+01,-1.792728894520922722e+01
1.914411625410421536e+01,-1.651870393043197183e+01
1.881931462665906807e+01,-1.836823291279111459e+01
1.787235306817554559e+01,-1.567246546998314471e+01
1.921153030760728342e+01,-1.760541487676344730e+01
2.062335703550003174e+01,-1.754568769987556820e+01
2.010649938987272378e+01,-1.764820800358319985e+01
1.697647166446715516e+01,-1.803642391011764090e+01
1.876045362309259446e+01,-1.565635269955211761e+01
1.801822355534117648e+01,-1.601698383007612136e+01
1.782524497754788939e+01,-1.719653027892177022e+01
2.017116946309230485e+01,-1.609855029689738615e+01
1.981202704894890232e+01,-1.669021003564041550e+01
1.824519949433878452e+01,-1.732139316304454368e+01
1.922768759879956590e+01,-1.645453188392231070e+01
1.805433102051639338e+01,-1.626712850314770265e+01
1.963358996182206440e+01,-1.791974004984115609e+01
1.876046194395082267e+01,-1.714590460925954929e+01
1.741167532778370486e+01,-1.565399169904686261e+01
1.771332447282972566e+01,-1.728397934019000104e+01
2.101446053322203511e+01,-1.779954589323612879e+01
1.994406061951574571e+01,-1.764752006000793472e+01
1.909855737261619879e+01,-1.821548496443162080e+01
1.859794452389844466e+01,-1.629335052853075183e+01
1.853761007482160750e+01,-1.510222962657048207e+01
2.064185592735623587e+01,-1.711627161154316212e+01
1.806932687235687851e+01,-1.711279277364891982e+01
1.831680623772133032e+01,-1.608376478510021101e+01
1.884927997346946427e+01,-1.570165229216990355e+01
1.738378390775004334e+01,-1.863393452382216253e+01
1.981017983492197843e+01,-1.764718288525945411e+01
1.974665204706004573e+01,-1.681633052740470191e+01
1.890705868437873249e+01,-1.829646455765828605e+01
1.935771758474619730e+01,-1.858012097258110273e+01
1.675262524939411435e+01,-1.570936589062563371e+01
1.908567006643309938e+01,-1.753632728304441457e+01
1.883809063413583829e+01,-1.679216289336417134e+01
1.958740435320881446e+01,-1.787661829151976534e+01
2.150348086944680048e+01,-1.626643866866420751e+01
1.923307811898467179e+01,-1.814387369519276305e+01
2.030444829625368186e+01,-1.511318534294087179e+01
1.886875054599585866e+01,-1.834210091561036293e+01
1.969144177892848546e+01,-1.691308821067772783e+01
1.985487130901619324e+01,-1.733900474488399013e+01
1.877246875742845234e+01,-1.628187766973530515e+01
1.892334994888213373e+01,-1.740262614684314357e+01
1.800878557630244359e+01,-1.670113515845988772e+01
2.131259030060802218e+01,-1.570215452905086018e+01
1.856888985285852556e+01,-1.825850727520306904e+01
1.878660430484528732e+01,-1.636250330596404368e+01
2.130867007461640839e+01,-1.740832838515331815e+01
1.586971495189979642e+01,-1.712793314912209297e+01
1.741875573127361321e+01,-1.707514652316061543e+01
1.836189434785774566e+01,-1.750587651985481585e+01
1.942088458028356612e+01,-1.812654288968271743e+01
1.841536076342962147e+01,-1.684615323359922101e+01
1.792565483155906847e+01,-1.681402714851513380e+01
1.917426084276807785e+01,-1.780628888319312608e+01
1.944482600234099579e+01,-1.704961744206351426e+01
1.871020672177644073e+01,-1.716171142683429096e+01
1.913448280700560744e+01,-1.520295965291401963e+01
1.871944222789820600e+01,-1.789953298193809061e+01
1.862018128879798695e+01,-1.632309965285254449e+01
1.732612747200025538e+01,-1.715278983486005515e+01
1.895037922100433647e+01,-1.680112429837934940e+01
1.835069715765681764e+01,-1.652680811827598717e+01
1.973818637355157790e+01,-1.615710401556163589e+01
1.936267234726365416e+01,-1.680461179050750786e+01
1.811470617683698237e+01,-1.532017054383068633e+01
1.847832130066556644e+01,-1.627990717271987720e+01
1.999624530883751916e+01,-1.621021956497324723e+01
2.033125297910784113e+01,-1.884894598548504163e+01
2.005459925557859791e+01,-1.709274636048493790e+01
1.958315036279018173e+01,-1.629279054922864134e+01
1.844759948198817412e+01,-1.607185765346050133e+01
1.846204208286739146e+01,-1.552764227797164409e+01
1.908032563727249808e+01,-1.772708092853441997e+01
1.802250360968833220e+01,-1.787650220638182574e+01
1.851531880435156907e+01,-1.652755925946145865e+01
1.886154475097399441e+01,-1.700993614247732921e+01
1.971482310734935339e+01,-1.600996031945138753e+01
1.912208921317255417e+01,-1.623947651909715617e+01
1.878777225182012245e+01,-1.764158467524021390e+01
1.811322247566723576e+01,-1.788082681332383927e+01
1.807272007713900308e+01,-1.626374857209579616e+01
1.965399561778277615e+01,-1.839654935769845778e+01
1.853662398834194391e+01,-1.620014699581811257e+01
2.070299176378777517e+01,-1.646040686644849416e+01
2.007294409666789647e+01,-1.585610007654635289e+01
1.934601451784717696e+01,-1.843344472752697172e+01
1.958636144987958971e+01,-1.641500295036071222e+01
2.032806943587777937e+01,-1.634544578704037221e+01
1.759936839526190155e+01,-1.500013861043629504e+01
1.828078158694044575e+01,-1.768460994297219813e+01
1.934466979548000154e+01,-1.945414529356945366e+01
1.921658793602023252e+01,-1.701002408085343376e+01
1.902003300576139111e+01,-1.650948808017422209e+01
2.017331693897656919e+01,-1.557854367403804297e+01
1.880086060194285835e+01,-1.810252031079932067e+01
1.779524999110972772e+01,-1.704206049290539937e+01
1.987070450574099567e+01,-1.598914219267585324e+01
1.829060098559736147e+01,-1.634120553732924819e+01
2.076037694581251358e+01,-1.739178671424011924e+01
2.052589689655194150e+01,-1.755618678927946164e+01
1.971938881891901829e+01,-1.803590222009468746e+01
2.014934596098299480e+01,-1.849305865995721376e+01
1.842098342651436482e+01,-1.652596851785586907e+01
1.976509654215924883e+01,-1.544517210265168394e+01
1.839015797230479521e+01,-1.846888174196867283e+01
1.954422415194690288e+01,-1.672962867782731777e+01
1.966394085406758663e+01,-1.609528504093214352e+01
1.981359022637637324e+01,-1.626951146171835560e+01
2.021760214067216310e+01,-1.720967420864863939e+01
1.846586486653212589e+01,-1.654986167626510252e+01
1.905588926829051388e+01,-1.751201915177552237e+01
1.838732105631445179e+01,-1.594330414407439811e+01
1.963499259109190476e+01,-1.783719596735972246e+01
1.694463994441577626e+01,-1.614778515501328826e+01
2.021713981569762808e+01,-1.575649723549877912e+01
1.880903055481379482e+01,-1.701522658387946052e+01
1.882343375435500477e+01,-1.611564363297807390e+01
1.856828655933579597e+01,-1.797361407006135536e+01
2.012031838311780518e+01,-1.637300939331149152e+01
1.904271596789826049e+01,-1.644796648387141502e+01
1.934491105222945606e+01,-1.588676697714605801e+01
1.934406879614552466e+01,-1.790195583766225695e+01
1.978006945030054453e+01,-1.527056544524539561e+01
1.850495628557919758e+01,-1.629515221839836059e+01
1.934048931527520310e+01,-1.698542368148114079e+01
1.934469157008850360e+01,-1.682830449473123480e+01
1.931110615255190766e+01,-1.669955083708098798e+01
1.851759056275162862e+01,-1.731400587013525794e+01
1.997576784934023308e+01,-1.729125854417334196e+01
2.012887273433978663e+01,-1.731640300547520184e+01
2.019402039533466109e+01,-1.700860314836205234e+01
1.924075484240066203e+01,-1.761395660066141744e+01
1.760403569791987977e+01,-1.652631839592504903e+01
1.827815731374119324e+01,-1.644321744609457880e+01
1.789148930338643240e+01,-1.776763175691240093e+01
1.793874118163681430e+01,-1.722336601983764481e+01
1.970623659741749378e+01,-1.637141227341921024e+01
1.933788186368746764e+01,-1.639360499608501343e+01
2.025937657743323328e+01,-1.622314136779812799e+01
2.011468726320168088e+01,-1.706025645273724223e+01
2.035287679553128015e+01,-1.753936351476501798e+01
1.846277332804183757e+01,-1.702664475817876877e+01
1.983307142028796832e+01,-1.619937995319331137e+01
2.008588283367653560e+01,-1.650935095430229183e+01
1.890070757837296966e+01,-1.651750827376608655e+01
1.902878580778148532e+01,-1.673162472066442064e+01
1.955867087058957310e+01,-1.794195959730368628e+01
1.774358434980476673e+01,-1.755884165476496150e+01
1.950229279224911139e+01,-1.543352188074014997e+01
1.927653571914300201e+01,-1.717005137343960541e+01
2.080220951231420301e+01,-1.833779666651546236e+01
1.932242502964182052e+01,-1.725583853444305760e+01
1.802635599976947489e+01,-1.590560591591862938e+01
1.963856129769706982e+01,-1.960495870197001267e+01
1.723546054473163380e+01,-1.651948752978236712e+01
1.875891184582638616e+01,-1.550061679770123035e+01
1.966942521385539422e+01,-1.830783215504679262e+01
1.975436374696108643e+01,-1.764056448477729333e+01
1.850872252293273235e+01,-1.729695075145138006e+01
1.844535386321515702e+01,-1.610166118304600147e+01
1.994524007271852284e+01,-1.780912722460742970e+01
1.897265282217745508e+01,-1.719177839052528256e+01
1.814786894497669678e+01,-1.782896579408473059e+01
2.007159104032263741e+01,-1.601256404773170772e+01
2.012451825083790879e+01,-1.740734546551527018e+01
1.816297454003576206e+01,-1.740627897764977661e+01
2.009333813445062944e+01,-1.700278857268297372e+01
1.786429751070124183e+01,-1.712418772749529694e+01
1.938785614923567380e+01,-1.874980839356145168e+01
1.861447768223902344e+01,-1.634476288334263216e+01
2.046151396032339775e+01,-1.685393808617562783e+01
1.871492224323159448e+01,-1.793398815123450873e+01
2.045590406310423859e+01,-1.624071717764007161e+01
1.905745490844644863e+01,-1.740902645746637134e+01
1.949497820079659860e+01,-1.621575645913590336e+01
1.933681945463534291e+01,-1.841336328709440551e+01
1.875861400317651118e+01,-1.621307414637507804e+01
1.878912503607577733e+01,-1.666235935172020532e+01
1.781219325336837755e+01,-1.430782437003275298e+01
1.823038698658944412e+01,-1.684988515611403059e+01
2.010484244131461651e+01,-1.678562636837473221e+01
1.923794611890872375e+01,-1.783017113422103606e+01
1.920645796148554751e+01,-2.000332854859544440e+01
1.824726727174447305e+01,-1.605182632878419469e+01
1.892700010536169586e+01,-1.598488549753766641e+01
1.918927764500840993e+01,-1.681370239542185985e+01
1.753822734882405854e+01,-1.770734333581019371e+01
1.797852208095588367e+01,-1.672236833214183704e+01
1.741791190224599006e+01,-1.758585007597196892e+01
1.877584236442489285e+01,-1.523945314144815200e+01
1.966207098324788660e+01,-1.793675494100840950e+01
2.147007299571386341e+01,-1.747401061070296180e+01
1.997260303212848243e+01,-1.730979114885165515e+01
2.070853005504154254e+01,-1.787873269696779133e+01
1.961992091038596797e+01,-1.747919752999234078e+01
1.757451661519390740e+01,-1.570687999566161430e+01
1.939832156603983293e+01,-1.643273907122081567e+01
1.941628542805640834e+01,-1.625002153218303391e+01
1.894091262447681601e+01,-1.823902291908834883e+01
1.661623549445646830e+01,-1.778713699185605535e+01
1.963532729885529093e+01,-1.851971402448904414e+01
1.819187525638722036e+01,-1.706059080622488011e+01
1.983957587337283712e+01,-1.745403037254099132e+01
1.851120728249975045e+01,-1.689943026532824533e+01
1.889091572285165554e+01,-1.721425106458561416e+01
2.059682093513465162e+01,-1.757779612165878902e+01
1.939451495074771259e+01,-1.757737807574092059e+01
1.861348285882613141e+01,-1.716357662683379814e+01
1.956098478111258032e+01,-1.725904461833729897e+01
1.988919753184532624e+01,-1.757331047941100621e+01
1.844795809804366726e+01,-1.673012626266116598e+01
1.893584411255119448e+01,-1.658451417164515007e+01
1.937469382256241701e+01,-1.611043557393880121e+01
1.898671684621017874e+01,-1.680030243340646123e+01
1.991639480893166336e+01,-1.673461245831819255e+01
1.895512589558981986e+01,-1.801085472316273695e+01
1.837205811430674984e+01,-2.002141120203414104e+01
1.941254816862814536e+01,-1.527081487187508735e+01
1.862983689223887040e+01,-1.866098494838954736e+01
1.968486469816220108e+01,-1.652859535791807133e+01
1.867958813107061289e+01,-1.732535065620949410e+01
1.886589509588831959e+01,-1.592226994077162949e+01
1.916919732507018992e+01,-1.737946992453472106e+01
2.011115398121021158e+01,-1.686210084051475278e+01
1.925820441860813048e+01,-1.900777738061428224e+01
2.096252477454545016e+01,-1.710523258558500004e+01
1.993126835605663771e+01,-1.763166185269886910e+01
1.886504909583531031e+01,-1.845275344006418194e+01
1.930130999646019418e+01,-1.702818526401887667e+01
1.898564327715579836e+01,-1.602259739307503139e+01
1.813167962163195313e+01,-1.682091510393219735e+01
1.819627894715063832e+01,-1.722321299788603000e+01
1.910241008889273928e+01,-1.641577586917633269e+01
2.023790048470019087e+01,-1.636185576771067574e+01
1.868993487697752798e+01,-1.760311314160998464e+01
1.824790077770835239e+01,-1.490490643104667612e+01
1.899841487634465764e+01,-1.563641909295536614e+01
2.097171555465914849e+01,-1.573752998193007180e+01
1.880381688097227766e+01,-1.675114117622424814e+01
1.761839275426272877e+01,-1.675308047701527059e+01
1.991194713093216961e+01,-1.807283786101560707e+01
1.912701260905087963e+01,-1.646115168816135821e+01
1.919732496183077330e+01,-1.758026500356717392e+01
1.759606578289403345e+01,-1.768352049742141929e+01
1.921778247358623304e+01,-1.637998725126806221e+01
1.978093563796772258e+01,-1.717400479323635309e+01
1.888751400987311158e+01,-1.871044351497454272e+01
2.038142392088897736e+01,-1.514009121096312604e+01
1.843573744202752351e+01,-1.799641259325431619e+01
1.833396408373145192e+01,-1.744427271275745639e+01
1.945878471985342628e+01,-1.535681474205270902e+01
1.996279660594922589e+01,-1.782262538938109486e+01
1.811672282447235816e+01,-1.734114086599149829e+01
1.949591696575366839e+01,-1.629926282478664135e+01
1.567201808401381768e+01,-1.586400900116134949e+01
2.071960318106781429e+01,-1.692659190630728716e+01
1.765557801703592133e+01,-1.841937835545934021e+01
1.842895969554556501e+01,-1.814188339902357683e+01
1.922592195740135779e+01,-1.564258470426864456e+01
1.977587465423080815e+01,-1.615801301905851162e+01
1.909679952664795266e+01,-1.705642625508843935e+01
1.875823163050078790e+01,-1.508204872063551782e+01
1.849309172651057764e+01,-1.585079464547471062e+01
1.789152925004533046e+01,-1.535080989426577780e+01
1.827972911992461036e+01,-1.684887105456223111e+01
2.031222517195748622e+01,-1.788575979657882797e+01
1.784165413991833304e+01,-1.796180401096215462e+01
1.940940824922687824e+01,-1.717327347690540762e+01
2.046026798210654363e+01,-1.855845058463266639e+01
1.963626587889488562e+01,-1.795954614997401677e+01
1.873954425479584884e+01,-1.526085554382941112e+01
2.014871040581711625e+01,-1.663943700550748872e+01
1.913504975356090299e+01,-1.759099652059068575e+01
1.790752617609400588e+01,-1.800442256059582036e+01
1.771580826292183275e+01,-1.646972793722265394e+01
1.927754200135883167e+01,-1.933155376594352859e+01
1.869961587020724991e+01,-1.589690440783038383e+01
1.765546035940266378e+01,-1.617764425241185222e+01
2.014210745309828710e+01,-1.518043914946064987e+01
1.636935052413546288e+01,-1.675639886213997798e+01
1.869364559530232839e+01,-1.674315985956920372e+01
1.897056546577069014e+01,-1.581903763143136032e+01
1.876633129761419383e+01,-1.525229048490796302e+01
1.957670005377465827e+01,-1.696979022732200093e+01
1.832810584936371967e+01,-1.714242711856129375e+01
1.964345207731792442e+01,-1.796295340282456721e+01
1.876426046708354534e+01,-1.638957370026358618e+01
1.989030537791830611e+01,-1.622650661658687454e+01
2.007440323275242022e+01,-1.730616802471179838e+01
1.961585809915458967e+01,-1.745954255405316147e+01
1.904666794361948945e+01,-1.517020706738610336e+01
1.710143098718265975e+01,-1.483539454076174735e+01
1.920067396494129142e+01,-1.596227329351772894e+01
1.955207978377331912e+01,-1.690507910518277157e+01
1.778099030243039635e+01,-1.705934757650748779e+01
2.111796186434286682e+01,-1.852053416715551393e+01
1.995394007968495842e+01,-1.806016993865085141e+01
1.869552699277541663e+01,-1.728886622113039095e+01
1.764828833656519791e+01,-1.893688529609957882e+01
1.949359583563383680e+01,-1.629872256430859423e+01
2.012892570215378640e+01,-1.538517175498370193e+01
1.907801803586097122e+01,-1.769965198641860482e+01
1.805463055419796348e+01,-1.824899160658821629e+01
1.971349629864587527e+01,-1.494348151816084425e+01
1.827608683993580740e+01,-1.645465015256545982e+01
1.812182222722547564e+01,-1.792378955661415318e+01
1.696936745383762002e+01,-1.725567129684029766e+01
2.051506515372413375e+01,-1.836930074262700785e+01
1.752703912673703002e+01,-1.690555332947428369e+01
2.013778550931715472e+01,-1.712847990002807208e+01
1.900187102247579674e+01,-1.660619897935094968e+01
1.966255237332949690e+01,-1.732336570611246529e+01
1.888741378009653715e+01,-1.778305327908705991e+01
1.826193441140461715e+01,-1.570321029171696026e+01
1.993244281354930081e+01,-1.681852398709600749e+01
2.126159054563908057e+01,-1.528620103379815198e+01
1.844833992800955969e+01,-1.681282366686188823e+01
1.871938615164387798e+01,-1.606314220696219763e+01
1.975006304025957959e+01,-1.613318080857600378e+01
2.031734851585328272e+01,-1.688813300268199669e+01
2.085817012202171838e+01,-1.759783195186403049e+01
1.970066789211745117e+01,-1.800205007317673278e+01
1.888828375789532998e+01,-1.674848208964714047e+01
-8.529585216909396195e+00,-1.734783347633890926e+01
-1.211853168824965366e+01,-1.688558684231388085e+01
-1.052114933214847703e+01,-1.855863567091567035e+01
-1.233277895896014797e+01,-2.089718274822147492e+01
-1.050456022755377639e+01,-1.815988609165874124e+01
-1.195728740411682089e+01,-2.218428394782872815e+01
-8.109249048968322882e+00,-1.867973349750391066e+01
-9.441372148963690591e+00,-2.075429907483284708e+01
-1.044970678872579484e+01,-1.642681132067479410e+01
-1.016610090810241829e+01,-1.667428687094352568e+01
-4.820687687616221240e+00,-1.934836784956570099e+01
-7.415618238288974595e+00,-1.914918498135156710e+01
-9.679719846164324792e+00,-1.442445984275383530e+01
-9.975483485361460012e+00,-1.786959548029547307e+01
-1.016559134934733244e+01,-1.900637271190882061e+01
-9.897731274566096360e+00,-2.238444096555983265e+01
-1.055131846784880878e+01,-2.296173249383878812e+01
-5.811931807689981078e+00,-1.605395144205257196e+01
-6.852955111830292267e+00,-1.969772904904617761e+01
-1.003070654637941317e+01,-1.750487661926965899e+01
-9.725252301926417431e+00,-2.352455561497767533e+01
-1.095266794588613024e+01,-2.034976997388467268e+01
-7.049921222353930261e+00,-1.754153193298633795e+01
-9.389933082156138866e+00,-1.493145229260125006e+01
-6.778460274456822532e+00,-1.705097085340904783e+01
-9.633839222423658200e+00,-1.831874607796888554e+01
-1.469944426141237948e+01,-1.663654090208520486e+01
-1.081833755356037763e+01,-1.623111516757965589e+01
-7.364299794483542883e+00,-1.875429652633681954e+01
-1.362949456275637239e+01,-1.777443841771430755e+01
-9.711776173661158751e+00,-1.550522837486531635e+01
-1.114865401897320041e+01,-1.913758881540761081e+01
-1.154640612928114152e+01,-2.176072313831204852e+01
-8.921414508932791421e+00,-1.941847743366288981e+01
-1.082625372298479505e+01,-1.769460633757690005e+01
-1.275482617691015008e+01,-1.625100723048388573e+01
-1.026626330440890023e+01,-2.248159305551101994e+01
-1.056072918075399869e+01,-1.847004802021221082e+01
-1.223168839392234730e+01,-1.907353620565284658e+01
-7.432514574144903463e+00,-2.307715976345686570e+01
-1.036418731158311424e+01,-2.000692741207545922e+01
-1.544064706934337750e+01,-1.742183867705231748e+01
-1.113991612121374430e+01,-1.915318266129040481e+01
-1.137197114370264117e+01,-1.816750150458538471e+01
-8.895504214104173357e+00,-1.905192080343239880e+01
-1.052225954871563474e+01,-1.858948247018609479e+01
-9.174035725316466383e+00,-1.606065112902146197e+01
-1.160271158123648227e+01,-1.842381610096323996e+01
-1.064688547720120404e+01,-1.931634913234357853e+01
-1.159890907321894815e+01,-1.592253075879726154e+01
-1.018033065040653184e+01,-2.290807094654945786e+01
-8.781880518422074289e+00,-1.604270391839591170e+01
-9.042374253201387546e+00,-1.600912810009693032e+01
-9.375698697902324241e+00,-1.735259019536899316e+01
-1.076372232320165345e+01,-1.780027531941133745e+01
-1.137136722746856599e+01,-1.898886447200872496e+01
-1.045058027673098167e+01,-2.164737688413432792e+01
-9.329846002563238372e+00,-1.681040738286953129e+01
-8.961248076896552561e+00,-1.560185975027540906e+01
-1.096564491937643915e+01,-1.783453944893629739e+01
-9.005305662663568356e+00,-1.958580584120231904e+01
-1.476509373068698316e+01,-1.942156518667063381e+01
-1.022854201131888097e+01,-1.703133550739378776e+01
-8.333651803811532588e+00,-1.773381031136311847e+01
-1.100057540030706349e+01,-1.985314017749008642e+01
-1.048291529671123357e+01,-1.975561797417902810e+01
-7.351915020520827682e+00,-1.685731283073126718e+01
-8.375247673204816223e+00,-1.906957073716334605e+01
-1.169767640655097907e+01,-1.682290041038513451e+01
-1.034818711570981442e+01,-1.814210876320478860e+01
-1.132796931699170351e+01,-1.747914181096461306e+01
-1.205387056326303252e+01,-1.628751638619780095e+01
-8.066559139823207047e+00,-1.857669597644110837e+01
-9.932957020592978026e+00,-1.859289629290016421e+01
-8.308907694504506836e+00,-1.656359266006362319e+01
-8.328184148854751001e+00,-1.411121520844652011e+01
-1.045181896607163452e+01,-2.135792402021384717e+01
-7.542074979950735170e+00,-1.994319200077904597e+01
-7.035599051305627682e+00,-1.996337290554917843e+01
-9.426122006032079170e+00,-2.082043090940510055e+01
-1.084956796700956438e+01,-1.868094204300491867e+01
-1.304949730624970172e+01,-1.999512911078782906e+01
-5.853302221278451789e+00,-1.875942525606644651e+01
-8.875685344805692267e+00,-1.534611999636527102e+01
-7.951913222233865319e+00,-1.740490343133953033e+01
-7.291717548927524106e+00,-1.887178204181645569e+01
-8.085390048300366672e+00,-1.843961994752271849e+01
-8.086883308263377756e+00,-1.686108340548506845e+01
-9.685374065587698311e+00,-1.915363033653722269e+01
-1.434287439430049460e+01,-1.884777353799796629e+01
-1.081434478609847183e+01,-1.792291014563249973e+01
-1.024099544599501854e+01,-2.241320262518802053e+01
-1.311854502813552159e+01,-1.787718409869146541e+01
-8.104838873695289436e+00,-1.483433142260912874e+01
-1.088449388106934101e+01,-1.932688384088849531e+01
-7.262635544185878977e+00,-1.916857252895409047e+01
-9.491331092260340441e+00,-1.969605827831564682e+01
-6.714857548866477011e+00,-2.150251991823874675e+01
-8.795331276510021112e+00,-1.712484920443121794e+01
-6.326051641020839611e+00,-1.788426796206097080e+01
-1.054271570209145459e+01,-1.643268164105632678e+01
-1.093048082531461418e+01,-1.566454969272932018e+01
-1.050952403181419292e+01,-1.616787095640233574e+01
-1.056121520563742422e+01,-2.102388735994863822e+01
-1.202377970334712742e+01,-2.123262187843655369e+01
-5.885705327633614203e+00,-1.816793229343635829e+01
-1.356203373024905190e+01,-1.847615076973167447e+01
-1.047688187651955616e+01,-1.681290543949721084e+01
-1.017390530197162057e+01,-1.874205142599224772e+01
-1.112396404723032006e+01,-2.085983799352953127e+01
-8.622288420141890342e+00,-1.815987177945039832e+01
-1.120861237680025013e+01,-1.876357545106212399e+01
-8.193549932443909611e+00,-1.697347118635398999e+01
-8.621413780219702616e+00,-1.735576800789385032e+01
-9.411808902998576087e+00,-1.897721870043812942e+01
-1.001930035274660646e+01,-2.012914302607330796e+01
-1.088290598937234321e+01,-1.674686867600113516e+01
-8.155019780230867710e+00,-1.838594431278735186e+01
-1.453825630345769682e+01,-1.599062274435137354e+01
-1.035404784919620269e+01,-2.069794595468415110e+01
-1.107160483561440678e+01,-1.912862232117039696e+01
-1.181511110353198468e+01,-1.764186935898911202e+01
-9.114584215373902509e+00,-1.477703115542124124e+01
-1.146865614005106160e+01,-1.624233070329042761e+01
-1.134039204655710620e+01,-2.245434399436730644e+01
-8.775770265456348085e+00,-1.676749034278557104e+01
-1.008685229796752836e+01,-2.029802256327444354e+01
-8.707524151059368833e+00,-1.622939478127266355e+01
-1.087748036304005872e+01,-1.772003287061500743e+01
-9.569515963205821762e+00,-1.799967352983024327e+01
-9.138876894202955015e+00,-2.042827040141408901e+01
-8.712832400512297681e+00,-1.737334476347968248e+01
-9.743233041366615055e+00,-1.654462886972985558e+01
-7.984302501111150363e+00,-1.773357680553180771e+01
-7.469208253092172178e+00,-1.873685008159250742e+01
-1.048185320342455107e+01,-1.570462923015894141e+01
-9.983831994788394226e+00,-1.858277332723622521e+01
-1.291238679792706456e+01,-1.661466397696391795e+01
-1.187581050920997328e+01,-1.823997342485135675e+01
-7.239817268439160181e+00,-2.067107685523785676e+01
-1.179313974079731864e+01,-2.111729451222186427e+01
-9.111017639869277929e+00,-1.446544943705593234e+01
-1.002959962960580498e+01,-1.224517499625155992e+01
-9.542471679040051669e+00,-1.735029020376591902e+01
-9.789177919063554612e+00,-1.598553455843207516e+01
-9.141142530922428122e+00,-1.759013515746595857e+01
-1.046438240787288088e+01,-1.782792203793594865e+01
-1.116133247514347104e+01,-1.541102350964993484e+01
-8.507353095672957721e+00,-1.925194253485659246e+01
-7.580456246372439644e+00,-1.626940870911116832e+01
-1.209519684352005875e+01,-2.178874892678221542e+01
-1.317382683266375665e+01,-1.805001966642732825e+01
-8.319476301447757294e+00,-1.858449112407528148e+01
-1.078662353444204491e+01,-1.727251086092126542e+01
-9.464910150236917730e+00,-2.109042606725919455e+01
-6.999748612520905411e+00,-1.732311923915681717e+01
-9.491126350424430314e+00,-1.745831788578948007e+01
-5.893888506007993300e+00,-1.737502071657482361e+01
-7.834224426885584514e+00,-1.701766965782710628e+01
-1.255913156948189524e+01,-1.870812658313669630e+01
-9.497735118465161719e+00,-1.557884493694412598e+01
-1.017676509318661893e+01,-1.932473711918879644e+01
-1.199835546681054765e+01,-1.733376339248640008e+01
-8.919889451386293189e+00,-1.575208275017014259e+01
-8.196767359685694032e+00,-1.586316019098769203e+01
-9.928597518554193258e+00,-2.090587296052959232e+01
-9.408702576406739126e+00,-1.872359091398598707e+01
-6.578230433750719364e+00,-1.995230482645898107e+01
-9.102937015818310940e+00,-1.908225050525275535e+01
-1.018213640993945468e+01,-1.786130517613059965e+01
-8.710427474626964539e+00,-1.444961715455449180e+01
-1.076734883960196321e+01,-1.949003758216083781e+01
-1.107436372436878003e+01,-1.485228086134091363e+01
-8.179863018994504742e+00,-1.849355995071968550e+01
-1.129381512756670958e+01,-1.473917973751567700e+01
-8.289855602424010428e+00,-1.928956778558183416e+01
-9.343465160281196447e+00,-1.765790766260042588e+01
-1.055874295238672644e+01,-2.076470179728756094e+01
-1.057833847574018726e+01,-1.934004681798619174e+01
-1.046681072595147910e+01,-1.806522728828100810e+01
-1.309597619099291066e+01,-1.690210528803982015e+01
-1.058789127519407991e+01,-1.973800389512949138e+01
-1.348185997911333445e+01,-1.692614712245364927e+01
-7.413301983466801914e+00,-1.831862354265131643e+01
-9.629950505905190639e+00,-1.733923372010215402e+01
-9.357635215253971239e+00,-1.789463388392832854e+01
-8.772958248154216321e+00,-1.685022731857568346e+01
-1.043595706070557227e+01,-1.483157829055165244e+01
-1.194616699837109053e+01,-1.743102915744213988e+01
-9.913592069233757798e+00,-1.629821176411374140e+01
-1.351016920805674992e+01,-1.687290239030791028e+01
-9.918002505863359630e+00,-1.756803313423419155e+01
-1.060834135108708232e+01,-1.706378558032975690e+01
-1.355093562637557980e+01,-1.548564367377146311e+01
-1.206133246239717316e+01,-1.721409652996367967e+01
-1.158983017129756909e+01,-1.488467083317565987e+01
-1.102260766242246959e+01,-1.733215733357029364e+01
-6.959313407504270188e+00,-1.682972998132506603e+01
-7.353522186263473870e+00,-1.526116353148060156e+01
-1.136274616772815271e+01,-1.947836511028814499e+01
-1.078837544306722762e+01,-1.741588820503107016e+01
-1.085449016867525529e+01,-1.998543165298368507e+01
-1.105969696119805867e+01,-2.046597155590590233e+01
-9.698013902763667815e+00,-1.691717222563943324e+01
-9.669734827465930493e+00,-1.958035199996256992e+01
-8.944658906814732191e+00,-2.041323064027509560e+01
-1.032635246960103004e+01,-1.764840248299241310e+01
-7.425190233076591539e+00,-1.727483948752575316e+01
-9.177296505808667959e+00,-1.849522879047011514e+01
-1.042046028100348565e+01,-2.153166152120187249e+01
-9.943774222822218789e+00,-2.064710320746013394e+01
-8.824745940110268805e+00,-1.570796416026583309e+01
-9.031501882228580413e+00,-1.819744082176914191e+01
-7.981549610066320355e+00,-1.752173790126153463e+01
-1.009336267058047198e+01,-2.098860633918508256e+01
-7.756461586478994974e+00,-1.765981842412023184e+01
-1.173640088818707206e+01,-1.810349951189995110e+01
-8.000145382155016804e+00,-1.723769045047682980e+01
-6.974800612626435914e+00,-1.850473927815488295e+01
-1.232005240414100200e+01,-1.892619004273858963e+01
-7.630658439853083230e+00,-1.438410615929067937e+01
-5.495170612786080433e+00,-1.405936779793452729e+01
-5.005436351419244367e+00,-1.768608806092649033e+01
-1.259211564227628344e+01,-2.040835443312367659e+01
-1.044216036922530577e+01,-1.641242987053317393e+01
-3.644406797671065235e+00,-1.832299935166640736e+01
-9.129110783103094207e+00,-1.747002995681435777e+01
-8.495479396367676017e+00,-1.605015114804704623e+01
-1.397677260559980894e+01,-1.939381082204539197e+01
-1.063891515629049422e+01,-2.121536020724458638e+01
-9.259751648105986277e+00,-2.221627746579699192e+01
-9.751265983036569551e+00,-1.778816776527858323e+01
-9.316866352907727133e+00,-1.825262822326032008e+01
-4.718926500511289035e+00,-1.855839915585405464e+01
-7.844396551615036017e+00,-2.078217792426007549e+01
-7.848218759480483087e+00,-1.915733921194224365e+01
-1.278853255294808555e+01,-1.748677022946987591e+01
-9.511578597306760585e+00,-2.011960512109680010e+01
-4.723355444808155390e+00,-1.575125792092029897e+01
-7.857187904641687481e+00,-1.691530843156973418e+01
-1.118796274049154427e+01,-2.342222598992621840e+01
-1.044384549102157678e+01,-1.747066382941138230e+01
-1.091419297632753604e+01,-1.774318723543141019e+01
-9.392382169507950351e+00,-1.781252335598626502e+01
-1.154607114533806467e+01,-2.187243820551080375e+01
-1.094241505908503065e+01,-1.584403302444180106e+01
-1.277085340073722719e+01,-1.637815284136224392e+01
-7.684550392911608796e+00,-1.768000322040643368e+01
-8.029815243956223370e+00,-1.409725714898529603e+01
-9.219834369272492225e+00,-2.219564505361878659e+01
-1.461469821321361096e+01,-2.071333336087502985e+01
-8.707343494969840947e+00,-1.430199352624756770e+01
-9.991030285300560365e+00,-1.855330104346302633e+01
-1.059582303978609907e+01,-1.751821371060935917e+01
-1.034590044118034058e+01,-1.960933702885214913e+01
-1.220077482158420246e+01,-1.836352149016994062e+01
-1.035807377734839463e+01,-1.651034124915157975e+01
-1.244794914643246742e+01,-1.922116224020927078e+01
-9.734576503532050396e+00,-1.702109812653448984e+01
-1.127516621693381538e+01,-1.744254727504063851e+01
-9.219630828745669859e+00,-1.604987068632766523e+01
-1.115833392788248446e+01,-1.856953135510364206e+01
-1.038749472418454900e+01,-1.791974377671448337e+01
-8.509517710130834800e+00,-1.951905761591831023e+01
-8.518936833718855794e+00,-1.317799937081641559e+01
-9.878088061506712592e+00,-1.846182021978717813e+01
-9.529880688263654420e+00,-1.984110799201793540e+01
-7.958445353725981164e+00,-2.018909894917537784e+01
-1.360569388089226450e+01,-2.069032444427794815e+01
-8.959379994072556030e+00,-1.841272664890953337e+01
-9.035397849880579813e+00,-1.901965890725753638e+01
-9.111644619128760780e+00,-1.542084198390168837e+01
-1.042388810880972372e+01,-1.986559907696241467e+01
-9.158968833611661253e+00,-1.712139661551878689e+01
-1.498978857066409631e+01,-2.157877386393862551e+01
-9.186013860143265930e+00,-1.265329649755043562e+01
-1.164447758182133086e+01,-1.649503240550435379e+01
-1.207997891893465869e+01,-1.873078499741852454e+01
-7.945374035132317658e+00,-1.572706595817211550e+01
-1.088859384401896158e+01,-2.287652769953135490e+01
-1.042208329773963982e+01,-1.795754012506843011e+01
-1.107285836943180257e+01,-1.730583705868422584e+01
-1.344101784482684891e+01,-1.722516004695628311e+01
-9.607894942761026513e+00,-1.615447649176364209e+01
-1.243635258377756081e+01,-2.136177717445659141e+01
-1.231875516981812524e+01,-1.910801111549948672e+01
-1.099312739733931465e+01,-1.959901458009861841e+01
-7.351739422897032306e+00,-1.393351815520594528e+01
-1.032927190303989384e+01,-1.682546342035688269e+01
-8.898259495249273954e+00,-1.915857571329080145e+01
-1.037667677738489935e+01,-1.856588509659030350e+01
-1.075172104456364153e+01,-1.656503015626573116e+01
-1.105935658212440131e+01,-1.982113034852152111e+01
-1.454089672169715541e+01,-1.891337898274402818e+01
-1.203912102270307471e+01,-1.592519330564049795e+01
-1.067782230919982212e+01,-1.717162861728314738e+01
-7.680925288555398467e+00,-1.510352784441888119e+01
-1.138146512045258163e+01,-1.681811770869284928e+01
-6.608590672284982759e+00,-2.135853246810632555e+01
-7.293852156076008342e+00,-1.803342915454226869e+01
-1.267585450844627992e+01,-1.724049868982195832e+01
-1.062762439015704885e+01,-2.075742492597839473e+01
-9.565386511195033137e+00,-2.117342670704187313e+01
-7.832978548847853162e+00,-1.769426408506814496e+01
-7.287041637964724927e+00,-1.731018592308580750e+01
-1.206089127912912140e+01,-1.878099880705477531e+01
-9.741231522833869505e+00,-1.880549774110152939e+01
-1.185890185937122077e+01,-1.757561795111191927e+01
-1.047085892804165042e+01,-1.605419696046790534e+01
-6.525161344975751732e+00,-1.862784663025540866e+01
-9.871938878208423418e+00,-2.006605729714843633e+01
-1.249481774256305044e+01,-1.725326149646326712e+01
-1.014060637912298546e+01,-1.842103287237888054e+01
-9.568514216700805264e+00,-1.784778792543988857e+01
-9.722725278282544181e+00,-1.851908001462295061e+01
-8.656098653722118286e+00,-1.709849746044079666e+01
-1.078710476232702220e+01,-1.623558177498421173e+01
-1.059152768156931934e+01,-1.572262538086614470e+01
-5.017374356903176569e+00,-1.877373344572874103e+01
-3.656055089471151653e+00,-1.686521162931349949e+01
-9.771473974642125526e+00,-1.774517618670061125e+01
-1.479753888179346788e+01,-1.876779126852633439e+01
-1.353520088448489567e+01,-1.938762731331918943e+01
-5.991001782004859777e+00,-1.845625162316749268e+01
-1.229999716767775553e+01,-1.973589118869519510e+01
-1.256494605103047135e+01,-1.198408223793044591e+01
-9.962801029096860717e+00,-1.678418214631737015e+01
-9.634849876637739285e+00,-1.763191736375333107e+01
-1.137222588002217982e+01,-1.795729830390147796e+01
-1.146057685979543272e+01,-1.739361804149598711e+01
-1.007090868289131258e+01,-1.881650385822366545e+01
-6.841134625347827125e+00,-1.592800527220286888e+01
-1.135194406383377519e+01,-1.881301988696826299e+01
-1.254989047498315990e+01,-2.020590905550078986e+01
-1.160433309821348402e+01,-1.590545603789174933e+01
-8.191939140606676162e+00,-1.657374448096776121e+01
-8.576921469049338498e+00,-1.793240045245250869e+01
-8.905941068613525857e+00,-1.650333547161746139e+01
-1.247195335232641256e+01,-1.692041650987944124e+01
-7.284432342559331808e+00,-2.057144274716570465e+01
-1.482674312357072566e+01,-1.675527406800311780e+01
-8.011573884122539013e+00,-1.933042593579574131e+01
-9.385411159152983629e+00,-1.743330876085284231e+01
-9.635067839298184111e+00,-1.712300961888833939e+01
-1.004318058862996743e+01,-1.505753023417077685e+01
-1.247689421692483158e+01,-1.926896664541066784e+01
-9.835301171022074129e+00,-1.694540949983761635e+01
-1.076540448604057509e+01,-1.835913694472209556e+01
-1.297917838966313830e+01,-1.667607556835435645e+01
-1.020585082778922725e+01,-1.993669707518971279e+01
-8.802655554499899893e+00,-1.921718386727614458e+01
-8.231114579974505574e+00,-1.830156746794047251e+01
-7.329089626248431522e+00,-1.799385526081518449e+01
-1.342932481201127182e+01,-1.928392157692771391e+01
-1.090027292221272681e+01,-2.001619720645030753e+01
-1.285146841964925279e+01,-1.643168497604142431e+01
-6.964319928210487731e+00,-1.719314984377939481e+01
-1.102458722490835541e+01,-1.777262716187584957e+01
-1.094697013710724676e+01,-1.889176647405708565e+01
-1.112969444900819482e+01,-1.718047478533062744e+01
-8.227601551124552159e+00,-1.803029602703038137e+01
-1.038427844733016592e+01,-1.781358321554517588e+01
-1.398369930612180312e+01,-2.061400042105632835e+01
-6.388099739339452299e+00,-1.797419100949650783e+01
-1.293946664705713268e+01,-2.063686670095702169e+01
-9.527435738101859286e+00,-1.647057824610357812e+01
-8.102563337570868995e+00,-1.996387443033628628e+01
-1.262511619648593353e+01,-1.462756875498309306e+01
-9.206899568245798804e+00,-1.936729608026647043e+01
-1.177125969837581465e+01,-1.670545444700139370e+01
-1.086476462685897459e+01,-1.881160680306614452e+01
-1.196496410727957382e+01,-1.777535378173877945e+01
-1.200394425166712509e+01,-1.546243839814947307e+01
-1.007799647707595625e+01,-1.861592880217252244e+01
-9.344734053069757351e+00,-1.618966677008310384e+01
-5.219006745014032056e+00,-1.711169693383361690e+01
-1.136636763974729192e+01,-1.588709840982712507e+01
-7.179478952015207582e+00,-1.635368408161239273e+01
-1.209998094829603588e+01,-1.595793657045217628e+01
-1.089507807636324443e+01,-1.957940234933793633e+01
-1.373018590281529328e+01,-1.769043355192855316e+01
-1.130496104616070419e+01,-1.647596907762038754e+01
-7.401470411996146304e+00,-1.872977726421525446e+01
-9.047654488002056183e+00,-2.028819604673430277e+01
-9.111275923400055987e+00,-1.940778318544492720e+01
-9.565728030550584293e+00,-2.070835199114809910e+01
-1.083382140728026322e+01,-1.899183047885844289e+01
-9.823557306537106015e+00,-1.317703135301683837e+01
-1.037674851669094167e+01,-1.956793906351535384e+01
-1.357570477377633367e+01,-1.652875809045684363e+01
-1.184206596727389638e+01,-1.980731933020375379e+01
-1.036578076073207022e+01,-1.838119664202076464e+01
-1.501538532682414129e+01,-1.699182070064284034e+01
-8.830238115892630191e+00,-1.709751480020025483e+01
-1.086073922279288162e+01,-1.427098898892616674e+01
-1.152188927620740344e+01,-2.223571370615751519e+01
-9.813864177926236110e+00,-1.718145253361765512e+01
-6.514870778057413325e+00,-1.468835247763038865e+01
-1.278892205682374339e+01,-1.502686878374824531e+01
-7.356219793785720995e+00,-1.572936432873758150e+01
-1.022894500863178813e+01,-1.601836110491935017e+01
-1.342396532472488957e+01,-1.775208614017086362e+01
-1.417087062096319450e+01,-1.764051710749125945e+01
-9.466967018016450908e+00,-1.654288641974265772e+01
-6.300512872149854005e+00,-1.851153379959221823e+01
-1.269733794857898701e+01,-2.092724500617558547e+01
-1.098502709008422862e+01,-1.856105302889445952e+01
-7.357564708317169355e+00,-1.805765789264622967e+01
-9.937123697237922215e+00,-1.843312740708244846e+01
-1.211190732827883387e+01,-1.598683433308822721e+01
-1.064196621593344538e+01,-1.481425722093136876e+01
-9.816248602441863369e+00,-1.708403938105760034e+01
-8.540914550265458871e+00,-1.886816956093795028e+01
-1.071218997483034130e+01,-1.720659078695788224e+01
-9.668583238618115416e+00,-1.780760565615045365e+01
-8.274318690971631085e+00,-2.054483665640784906e+01
-8.465784157955061673e+00,-1.592425232117636114e+01
-1.296023872463184112e+01,-1.865179426601267920e+01
-9.656934134628086142e+00,-2.173765325234194279e+01
-1.204004629902191326e+01,-1.692200490799269375e+01
-9.792260760107398099e+00,-2.043531715355041456e+01
-9.242629487293442025e+00,-1.424085707931698686e+01
-1.192286834881941360e+01,-1.943395409181731637e+01
-8.709602579621833485e+00,-1.623349803041103101e+01
-1.034007834790322100e+01,-1.942622583551626292e+01
-1.035012845004978566e+01,-1.755668385763824446e+01
-1.162430586918588205e+01,-2.033713786235691501e+01
-1.234235535309591292e+01,-1.765436243998656352e+01
-1.043189830944215402e+01,-1.620771601313258969e+01
-6.481981469770490278e+00,-1.640178984808359530e+01
-9.921876325973352451e+00,-2.084187984778490943e+01
-6.773551976621419612e+00,-1.619568535518736141e+01
-1.064261307827746883e+01,-1.963864783170829753e+01
-1.192391880370078816e+01,-1.828413514903334303e+01
-9.637180554170397428e+00,-1.744691864249209345e+01
-7.180956183725614395e+00,-1.682026883948678986e+01
-7.090419083357736518e+00,-2.167518877221354501e+01
-6.873453281131664205e+00,-1.955718703004279035e+01
-1.183131852128773431e+01,-1.750243240902545949e+01
-1.246782236856718029e+01,-1.932803746912234644e+01
-9.207090565080040534e+00,-1.816625326825955611e+01
-1.100988099950271781e+01,-1.983735113270350325e+01
-1.073267946726893918e+01,-1.404074987781405248e+01
-8.298691083602019347e+00,-1.841787664332268903e+01
-1.258345997235815439e+01,-1.625128479648112290e+01
-7.451071643725309279e+00,-1.722758869971385920e+01
-1.130655705261760424e+01,-1.891095922370647031e+01
-7.881819134098191348e+00,-1.823834772485288980e+01
-1.124689604734210313e+01,-1.758108334893611513e+01
-8.662444520829801320e+00,-1.896172490964277202e+01
-8.182045402580094162e+00,-1.940765895438019228e+01
-1.105298052542145371e+01,-2.091166087656793238e+01
-1.059802462435159143e+01,-1.987372058869467040e+01
-1.196670446612532324e+01,-2.038517181653736543e+01
-7.931669601279068615e+00,-1.540664757560431397e+01
-1.224872384073175624e+01,-2.026036293980417469e+01
-9.714757231951271166e+00,-1.402598875329470296e+01
-8.394011569871851819e+00,-1.476157570979489009e+01
-8.298482667723828143e+00,-2.011816079580549754e+01
-9.066740315341005996e+00,-1.987698689173357991e+01
-9.557163726798734160e+00,-1.464079571403336466e+01
-9.598548284349956106e+00,-1.679540452743585277e+01
-9.288643752453387137e+00,-1.772364355886418963e+01
-9.016829332823295573e+00,-1.986115321764854258e+01
-1.344518934621910233e+01,-1.653920097576198600e+01
-8.179487182936089340e+00,-1.752681743690120086e+01
-8.062059222284682747e+00,-2.098779746676562041e+01
-1.006810901771214439e+01,-1.923770177226894518e+01
-1.212212629531111574e+01,-1.595706139667369428e+01
-7.724284994715430841e+00,-1.716263403270633248e+01
-9.107664952263625935e+00,-1.839626661727234946e+01
-1.102640213458371399e+01,-1.671752893326720013e+01
-1.259813032458201576e+01,-2.009052551068908343e+01
-8.231351396635819384e+00,-1.800182928780729341e+01
-1.126192967196561234e+01,-1.919539612811746920e+01
-8.188671028660822415e+00,-2.041303757782694106e+01
-6.758285336467103832e+00,-2.043751483465823782e+01
-8.478730560835639807e+00,-1.846311189409603060e+01
-1.316586115145027414e+01,-2.074935725710963652e+01
-3.522700940448657114e+00,-1.692177016271291734e+01
-7.215364306841752118e+00,-1.762520458122989098e+01
-8.729822790932136201e+00,-1.728147863024484465e+01
-1.416096776417977665e+01,-1.838811664838749493e+01
-8.515445791200638936e+00,-1.876721067390685960e+01
-9.712726394843185673e+00,-1.784103546003195362e+01
-1.017800758077236445e+01,-1.639416228300363088e+01
-9.740011733568159968e+00,-1.902709409354446279e+01
-9.864961332016118689e+00,-1.438698790644363434e+01
-9.750001794234664843e+00,-1.535795449819842240e+01
-1.181672819085932424e+01,-2.164770728267390965e+01
-6.558523642092311867e+00,-1.567758836008689904e+01
-1.319930360568667815e+01,-2.037687525774367714e+01
-8.881778981092814718e+00,-1.974158323037851659e+01
-8.562834798165823713e+00,-1.690020569648738302e+01
-9.369235629170228563e+00,-2.208693422566829057e+01
-1.061655112869846995e+01,-2.006824649580429565e+01
-6.731734641939999264e+00,-1.615772272322419312e+01
-1.265081978306596611e+01,-1.870413154788804633e+01
-8.890590354961926067e+00,-2.033496014029640975e+01
-8.025087413160695959e+00,-1.838067602150498203e+01
-1.194152012740910607e+01,-2.167730962326257327e+01
-1.097444817008170048e+01,-1.847500343840697568e+01
-9.690775018929116413e+00,-1.836972243400077787e+01
-1.001874292628892249e+01,-1.686376767043326197e+01
-9.729368949358061514e+00,-2.320697256358558391e+01
-1.003481107495371738e+01,-1.722310796430970825e+01
-1.118423563650631536e+01,-1.936114173739322197e+01
-8.328117392350721460e+00,-1.485312399472188183e+01
-1.121511433221274956e+01,-1.730055457097582661e+01
-1.102667769257766395e+01,-1.660906825771457562e+01
-9.949950746340419983e+00,-1.605030822749304065e+01
-6.028048163444543306e+00,-1.684972009036947327e+01
-9.621861758983339286e+00,-2.020855300610887184e+01
-1.014267339432556625e+01,-1.862853869450440669e+01
-1.341802857840652763e+01,-1.497925695730842399e+01
-9.204828616459341362e+00,-1.619877646347267586e+01
-1.095688456332570127e+01,-1.530874844957503100e+01
-8.944784952545818513e+00,-2.053119202145062161e+01
-7.905528608155156789e+00,-1.868393261376035497e+01
-8.488621251277873370e+00,-1.546309593747258404e+01
-1.251030739017533477e+01,-1.783492506421474033e+01
-1.315406524146338008e+01,-2.051040912603139788e+01
-1.127152750921976399e+01,-1.990670274680090657e+01
-8.824539403881157540e+00,-1.981904691040943334e+01
-8.217867201086901829e+00,-1.553361289413000179e+01
-1.246549914211343157e+01,-2.218049331395897283e+01
-1.289248890637319533e+01,-1.868978368857791494e+01
-8.917071742594639971e+00,-1.790516714571515777e+01
-1.180473203608244503e+01,-1.822646376574448013e+01
-9.302722531384860716e+00,-1.826775871605330437e+01
-1.128448337437566806e+01,-1.866313917449733140e+01
-1.193928143649036322e+01,-1.705936199517749330e+01
-9.735613116290938507e+00,-1.426241857356723131e+01
-1.005237470714779491e+01,-2.189499314073225023e+01
-7.598336309615540074e+00,-1.773623867741325455e+01
-7.677739813955033021e+00,-1.687465858417916564e+01
-1.076059105126677018e+01,-1.858958707913748754e+01
-7.836558923243297059e+00,-1.698618830964275972e+01
-9.372166666351168018e+00,-1.786110407909518827e+01
-1.244693462558667463e+01,-2.013696220391121372e+01
-7.146930113729055734e+00,-1.652292937637916381e+01
-7.187691569310445061e+00,-2.035440951702987178e+01
-6.365700275964309540e+00,-1.797834384528952612e+01
-1.201708491045394922e+01,-1.714398313268335627e+01
-1.150978106133121415e+01,-1.616727564442076215e+01
-1.204306672026617875e+01,-1.668115022297244820e+01
-7.420264312222503378e+00,-1.805383248619346759e+01
-7.756839771147998164e+00,-1.459834825886080800e+01
-1.110807030755449709e+01,-1.842468029322623835e+01
-8.728331395394615555e+00,-1.817239186298902709e+01
-9.785869893804671094e+00,-2.072208728051477777e+01
-9.934618374271401819e+00,-1.941905359802898090e+01
-7.911747159419474151e+00,-1.585202162829007122e+01
-9.427490611690434008e+00,-1.922957972715987651e+01
-8.526654671621212600e+00,-1.671510229133066261e+01
-8.348850455067349685e+00,-1.752649006076294569e+01
-1.099381529231706622e+01,-1.722797651836710742e+01
-1.346361588934689379e+01,-1.838546848989891558e+01
-1.065002299410016562e+01,-1.861630906113506256e+01
-1.135697110218653449e+01,-2.369431323597294892e+01
-1.165940895464159155e+01,-1.783059628911132677e+01
-7.862952967447354169e+00,-2.160794636569701055e+01
-9.340307281916215842e+00,-2.133059298539095749e+01
-7.626942404437467182e+00,-1.796962387797192306e+01
-9.083053895871390893e+00,-1.787523675562920999e+01
-9.841005258981883941e+00,-1.842542356174967111e+01
-1.185411839427704983e+01,-1.689777245115062243e+01
-6.057866782804048000e+00,-1.847861187246148518e+01
-6.203706417277920160e+00,-1.590144264760030168e+01
-8.647748626109796888e+00,-1.532282429135340429e+01
-3.419748509837425843e+00,-2.205629884676543995e+01
-9.706431343196145534e+00,-1.915576649675052323e+01
-1.067171167259677667e+01,-1.682009993917664659e+01
-8.399943703808137485e+00,-1.783446223452608947e+01
-8.406203574082805829e+00,-1.481418705637584310e+01
-1.216039078455859546e+01,-1.796789429464754662e+01
-1.224882577713386667e+01,-1.769307356304839729e+01
-1.213109866814921034e+01,-1.577926805866223603e+01
-6.905090354404641140e+00,-2.018147560494053039e+01
-1.012551758071874630e+01,-1.546825528315587306e+01
-1.031330867743937496e+01,-2.049015570488459659e+01
-1.340007474072097793e+01,-1.659571784370871583e+01
-9.594541437902107006e+00,-1.633254373350990463e+01
-9.333960772876793044e+00,-1.619735961407403835e+01
-1.294109299104266952e+01,-1.710651230131591660e+01
-1.169295032959134595e+01,-1.925510403235868750e+01
-1.238467699058553073e+01,-1.630693734863681144e+01
-1.165410556301129930e+01,-1.968063476130016909e+01
-1.328073206393321826e+01,-1.649522283524690280e+01
-8.536205340931083185e+00,-1.730687465399486058e+01
-8.141419066293542173e+00,-1.768462925315673573e+01
-1.116981298459513461e+01,-1.947532943487407664e+01
-8.929471877833154991e+00,-1.653752388098528314e+01
-7.680360564574307602e+00,-1.685744342817816133e+01
-9.347377060239470126e+00,-2.203537501688928657e+01
-1.189864170270540633e+01,-1.769092285774209472e+01
-8.662590945874351078e+00,-1.776607288309988064e+01
-1.356129796209941141e+01,-1.587844568311219895e+01
-1.323722196304065335e+01,-1.794907486218055226e+01
-1.126822397764493111e+01,-1.924758289016819646e+01
-7.366885593851499436e+00,-1.972709705637240418e+01
-1.076323670449584213e+01,-2.145649575463156111e+01
-7.639076388335256595e+00,-2.287082711142380376e+01
-8.528456375214219065e+00,-1.988284821001219882e+01
-1.153062423406887049e+01,-2.120134991388848889e+01
-1.102255858596308968e+01,-2.200178687014723522e+01
-1.043251826789168923e+01,-1.840205383508672909e+01
-1.069475146767817719e+01,-1.628635878214041099e+01
-1.086329672080958986e+01,-1.989384588940010445e+01
-9.876223720532117056e+00,-1.941992827571256086e+01
-8.995820531598736736e+00,-1.723702966268491465e+01
-9.956607354143518052e+00,-1.939701845418330350e+01
-9.783610312520181651e+00,-1.801320023328213438e+01
-1.155717221397272354e+01,-1.964190702292318491e+01
-8.474534617719513108e+00,-1.922453428561608035e+01
-1.003294653289148464e+01,-1.721344048372824531e+01
-7.438867537440993161e+00,-1.908543177153272197e+01
-1.002790472708706737e+01,-1.950431810612676031e+01
-1.091981450215540406e+01,-1.907379987162548218e+01
-8.458045521449019333e+00,-1.701561147674585683e+01
-9.979793811085860611e+00,-1.541077784094949266e+01
-1.010693806667201322e+01,-1.853890438629725068e+01
-1.148342765051828351e+01,-1.770998254518928050e+01
-8.896579135760630308e+00,-1.852353537053833676e+01
-1.044253558039881824e+01,-1.652177619068701020e+01
-9.298521312934497018e+00,-1.820059477107558621e+01
-9.122756470515270166e+00,-1.718933825385419567e+01
-5.508684568219825550e+00,-1.878177442435274003e+01
-1.100994399745604824e+01,-1.882562754077456191e+01
-6.263617680757933570e+00,-1.968626380082050531e+01
-9.617547050389589458e+00,-1.973370502962762174e+01
-1.164943721618963934e+01,-1.705085792497978758e+01
-1.142862714154759374e+01,-1.955838769547752065e+01
-1.038400031842720139e+01,-1.906065444309801649e+01
-1.038932190967629232e+01,-2.138960636483926692e+01
-1.337127795742628322e+01,-1.970859332133354513e+01
-8.932121214336998349e+00,-1.897108691716097439e+01
-1.116773383915076678e+01,-1.785471305123767749e+01
-9.276559269904975480e+00,-1.332997158852123221e+01
-6.787706423363811581e+00,-1.611140231184440097e+01
-1.322957467444345880e+01,-1.667976558979843560e+01
-1.263219362258324985e+01,-1.957433863067713986e+01
-1.058796458414530939e+01,-1.775991570037643186e+01
-1.144201635498840730e+01,-2.028773322763844078e+01
-1.150167548605304546e+01,-2.025264096686336401e+01
-1.181614263013494437e+01,-1.812264223575597910e+01
-9.910721942222417979e+00,-1.924969295632931221e+01
-9.225409761033382949e+00,-1.634649078928703148e+01
-1.111991686414282299e+01,-1.777466345800593217e+01
-1.154157561869707038e+01,-1.628775913499809036e+01
-6.135685103562234843e+00,-1.707052913677689077e+01
-1.053174299414386184e+01,-1.607414117829112499e+01
-9.587889553307583412e+00,-1.632530580564689515e+01
-9.732590130996996436e+00,-1.820943328912282766e+01
-1.201840693205452482e+01,-2.042646718365157099e+01
-9.923939030636862668e+00,-1.788718577204302207e+01
-1.243121501494794501e+01,-1.771650182668728846e+01
-1.272918821014188495e+01,-1.768106065768602875e+01
-1.154940289615162996e+01,-1.488368948009762249e+01
-1.040207228600415768e+01,-1.649821892573971382e+01
-1.180470990110695162e+01,-1.706022581394054427e+01
-1.081770683722902859e+01,-1.920046466654140715e+01
-1.072818079795769819e+01,-1.656806535264125557e+01
-8.861416015358750897e+00,-1.986653079510057651e+01
-9.129205214713156380e+00,-1.687974562087090291e+01
-1.155881112790786780e+01,-1.482428222706466947e+01
-1.064413867821840221e+01,-2.060171584221145125e+01
-1.213887646218123706e+01,-1.464305308194377453e+01
-6.510555134264064847e+00,-1.748895005116305157e+01
-4.566611042145190424e+00,-1.808768612139695975e+01
-7.755397409391579622e+00,-2.115782239288773070e+01
-8.692187530319571920e+00,-1.811209710650148708e+01
-9.473833484570761243e+00,-1.797673515524297017e+01
-1.197944771650659668e+01,-1.572823613194551662e+01
-8.806589614884217099e+00,-1.915485872005146106e+01
-9.330086896622345805e+00,-1.835559530019554586e+01
-8.906620439466761852e+00,-1.472289767878477207e+01
-1.233189459552232847e+01,-1.524532125979816044e+01
-1.038173857858951088e+01,-1.823855246771047689e+01
-8.839455604055560300e+00,-1.670134318115990268e+01
-1.235109535125322822e+01,-1.756199416166926852e+01
-8.772387799593413860e+00,-1.784192815109390651e+01
-6.691765579786289386e+00,-1.866299546886670768e+01
-1.002785517040021013e+01,-1.873403573031464475e+01
-6.950368728405219798e+00,-1.508020755433305737e+01
-9.472078214109933114e+00,-1.453393810696589483e+01
-5.804264670201650489e+00,-1.910543332956873996e+01
-1.123160530601864693e+01,-2.068903693752997697e+01
-1.163823955959545486e+01,-1.281607953303457137e+01
-1.127827525125515962e+01,-1.789830610327032545e+01
-9.559358664372261671e+00,-1.869503828497671449e+01
-9.641981380290108206e+00,-1.806007678311694420e+01
-5.935288337266315217e+00,-1.854261030026670554e+01
-1.094136215161186243e+01,-1.972745405623757620e+01
-8.362858467808845120e+00,-1.484906603769135280e+01
-9.387603400194953096e+00,-1.932738232168025050e+01
-9.941271456546504126e+00,-2.016048059173728646e+01
-9.058272049031515394e+00,-1.697916414176238575e+01
-1.119361816226020601e+01,-1.659142593367926466e+01
-8.238507252773882072e+00,-1.749506872589711648e+01
-9.865051739972049205e+00,-1.585091426385109514e+01
-1.125775300199550522e+01,-1.965187652283506026e+01
-1.106081116939522424e+01,-1.833742410352969188e+01
-9.453997353168849926e+00,-1.867429909368086527e+01
-6.575714954076019580e+00,-1.795706291918952502e+01
-8.423083159208825776e+00,-2.057848422477013983e+01
-9.765459911771808166e+00,-1.826161144361816113e+01
-8.305706350395222870e+00,-1.303610858827277852e+01
-1.273698630523554698e+01,-1.780870548876151815e+01
-1.066059975473118193e+01,-1.853109779678633728e+01
-1.267695620204125717e+01,-1.547995567683299178e+01
-9.223250557335546773e+00,-1.860249873514077024e+01
-1.003071907752350356e+01,-1.547630757799566226e+01
-1.160254131621185891e+01,-2.164604344575266381e+01
-7.656577491292472004e+00,-2.030047555701117190e+01
-8.196494898213103397e+00,-1.669138110889625537e+01
-9.029049908077039888e+00,-1.995344864037122079e+01
-7.676236753761946474e+00,-1.958832204428119184e+01
-9.062636140755017777e+00,-1.682636637427257398e+01
-9.966162358377959052e+00,-1.635896965463611608e+01
-5.780125486721057193e+00,-2.393825627633321318e+01
-1.034496142534368879e+01,-1.726535778174215352e+01
-8.658868208971583158e+00,-1.805999511599764062e+01
-1.268308300004763112e+01,-1.913437707494454187e+01
-1.112051532160572620e+01,-1.791242300804737297e+01
-4.350138962074464821e+00,-1.865025381899647883e+01
-8.702599347713446676e+00,-2.024024626838676255e+01
-8.366078885866555126e+00,-1.836622001791549152e+01
-1.267397873609780490e+01,-1.570112441725864727e+01
-1.218145486334754679e+01,-1.743641157559676103e+01
-9.975903476036670270e+00,-2.044112181683970419e+01
-6.400837672875085538e+00,-1.691199575570212943e+01
-1.042904329529979712e+01,-1.851078863971096311e+01
-8.472030326662597588e+00,-1.610048364184039826e+01
-8.322700554989413746e+00,-1.891702732029299128e+01
-1.204056850223105002e+01,-1.844174364667957988e+01
-1.078639934166301195e+01,-2.042203029803397030e+01
-1.223456421185716181e+01,-1.665233440096389828e+01
-8.547394586506285918e+00,-2.224223971754454254e+01
-8.949933263443849540e+00,-1.621702002388060748e+01
-1.080257750142435924e+01,-1.792700869239168782e+01
-1.427007783949351527e+01,-1.718720062956634465e+01
-1.322918534720169781e+01,-1.776347329542151954e+01
-1.001497762643583123e+01,-1.877637859941735243e+01
-1.332989420634118360e+01,-1.758267573531778538e+01
-1.123703605965527963e+01,-1.949140098906896768e+01
-6.796728632824533101e+00,-1.975299199340050649e+01
-9.639522334140661286e+00,-1.747100810198154264e+01
-1.008776119440955377e+01,-1.997666604648145849e+01
-8.409823532110733524e+00,-1.890320121904768058e+01
-9.448589431152560891e+00,-1.791387282200711795e+01
-1.067083048105799392e+01,-1.872211130292918924e+01
-8.752096551631703747e+00,-1.980558041232621491e+01
-1.017000437997262985e+01,-1.874193139879394465e+01
-1.185371169346933584e+01,-2.141620284950567310e+01
-1.355805375505394039e+01,-1.785575595340274901e+01
-1.071291745185200384e+01,-2.057778814077857632e+01
-9.521244744047567821e+00,-1.914651565701253588e+01
-8.741289438929976896e+00,-1.818905089943087461e+01
-8.756714935862696336e+00,-1.536953544249576353e+01
-1.094211398922436551e+01,-2.002533274824552478e+01
-5.852291131475523933e+00,-1.807609391057528825e+01
-6.888006874402115898e+00,-1.764800856768391668e+01
-1.178942904951998827e+01,-2.130027795718149264e+01
-7.263673025813938366e+00,-1.818776177393644033e+01
-8.816077012297297344e+00,-1.975378781521020599e+01
-1.047239901297779952e+01,-1.914466859254310194e+01
-8.972000166133723198e+00,-1.846462664370730167e+01
-7.466463054321465620e+00,-1.748287513773577828e+01
-9.970500313114138535e+00,-2.013399563554656879e+01
-8.573754629397566163e+00,-1.890789505390092629e+01
-5.750875472396694832e+00,-1.586383551928030755e+01
-1.371696939017890138e+01,-1.906493805888458226e+01
-9.000976071806711332e+00,-1.634204106649400501e+01
-1.059169467962960809e+01,-1.784421898069983214e+01
-1.325894207392990864e+01,-1.914497807151484920e+01
-1.188461445650955994e+01,-1.942533098749140663e+01
-8.951860421065505946e+00,-1.605292214180988353e+01
-1.155472246002397796e+01,-2.350696401653237189e+01
-5.755078496477319838e+00,-1.970690032756378329e+01
-7.748832799253099424e+00,-1.508686758721519894e+01
-9.700616692559457022e+00,-1.672878406566927723e+01
-1.085727357439768959e+01,-1.474063011502676090e+01
-1.196891253074141304e+01,-1.821390209947291083e+01
-9.642551397594651519e+00,-1.774831186008227490e+01
-1.019962336430890915e+01,-1.582596774887830193e+01
-1.273495766111884997e+01,-1.298253000963061332e+01
-1.394130922041615861e+01,-2.104573394616436843e+01
-8.541712882196511814e+00,-1.675154376864421479e+01
-1.105575214057617828e+01,-2.096406213158404697e+01
-8.365734817402728396e+00,-2.087795051853107964e+01
-1.039348774261915764e+01,-1.447070198653963047e+01
-7.629911546984391890e+00,-1.817810291215247531e+01
-1.115260933148553057e+01,-1.837101717373980847e+01
-1.048661603863853919e+01,-1.725137262169902286e+01
-1.387961825655881043e+01,-1.705172149107434620e+01
-9.370883164539646870e+00,-2.062974514388539760e+01
-8.865818704061860345e+00,-1.568379392540784067e+01
-7.233519856514188717e+00,-1.879816784500742344e+01
-9.490382175797824615e+00,-1.786979522043515445e+01
-9.312251046116916342e+00,-2.059148041071355806e+01
-1.062031240123040909e+01,-1.767361811772783398e+01
-7.826470052725056803e+00,-1.969342296369091727e+01
-1.520531021071422373e+01,-1.944272049767470989e+01
-1.473399280009692269e+01,-1.930161382939280301e+01
-1.084214063244211701e+01,-1.879401652057228489e+01
-9.127854286595008304e+00,-1.855257477422535928e+01
-7.285454035041155407e+00,-1.884663470437722310e+01
-8.030188656611606746e+00,-1.568773009044372557e+01
-1.039138344545456683e+01,-1.728130596602838054e+01
-8.284541706132705130e+00,-1.933869081734106388e+01
-1.167485885746987684e+01,-1.879070045047173565e+01
-1.135740288650255536e+01,-1.757529403228795672e+01
-8.298611241933961935e+00,-1.720280752707620309e+01
-1.321135841531245347e+01,-1.821758009926521638e+01
-1.029114387879793036e+01,-1.777098072204264056e+01
-1.058758533329789664e+01,-1.776737748597089706e+01
-1.036890399168136412e+01,-1.819579254444502325e+01
-1.079508000937396694e+01,-2.010226403024631026e+01
-1.246181395127558744e+01,-1.747490792143154792e+01
-9.820058470836531939e+00,-1.805847623944330849e+01
-9.488996803468603858e+00,-2.045360423034270880e+01
-1.232479062720731910e+01,-2.188387189032224711e+01
-9.129248197170085177e+00,-1.641972587075377987e+01
-9.859744574471939416e+00,-2.003211251377434365e+01
-1.311290017195676505e+01,-2.027799224670392775e+01
-1.365637218054137314e+01,-1.677451231386468322e+01
-1.324570498296153076e+01,-2.060293075045861855e+01
-1.071000571673615198e+01,-1.696703382079247291e+01
-1.321381403122272502e+01,-1.787054176719264120e+01
-1.403677913649725184e+01,-1.794143075412209143e+01
-1.178132705226654053e+01,-1.709140787542187212e+01
-8.648228427260130857e+00,-1.475487173663587903e+01
-1.226831928476585531e+01,-1.454423106382082231e+01
-6.375571147613877443e+00,-1.456613443300436650e+01
-8.787573361850103737e+00,-2.083684710804268647e+01
-1.204252288700188167e+01,-1.579437571289772180e+01
-1.004657157067800632e+01,-2.309032229183549845e+01
-1.253377222588012785e+01,-1.919079082712083206e+01
-1.016183480354819402e+01,-1.665935002482411775e+01
-1.268194166144521695e+01,-1.764229021376761963e+01
-1.230048138889929454e+01,-1.649344597958871361e+01
-7.837331517027250172e+00,-1.725714353848734106e+01
-9.662112480922170121e+00,-2.063612958971303257e+01
-9.736870171145126207e+00,-1.877075591985551739e+01
-7.916400968646934544e+00,-1.769026776449073068e+01
-1.261886015268742511e+01,-1.813547234289459098e+01
-8.284594563450644600e+00,-2.116223335569281971e+01
-8.979142220011585351e+00,-1.540391405971712757e+01
-9.934590038127549150e+00,-1.780361729938415039e+01
-9.376758567521093823e+00,-1.998037219278153742e+01
-1.162375637528723971e+01,-1.860863060855564299e+01
-1.076987580856657445e+01,-1.553590846834624273e+01
-1.030707763772990226e+01,-1.716212746889844354e+01
-1.257480994560628496e+01,-1.799273698174060243e+01
-1.088019777181163761e+01,-1.812508932405329531e+01
-8.744336490253990846e+00,-1.978065542750553973e+01
-8.268754191412424959e+00,-1.418174750447125909e+01
-8.375153303028522345e+00,-1.347887926909931799e+01
-1.080802696748230751e+01,-1.706527144708211452e+01
-8.373305279067716711e+00,-1.660650787020237473e+01
-9.389805006840866497e+00,-1.934422330879877805e+01
-9.824706396607789216e+00,-1.629714777483311394e+01
-9.816681572261764188e+00,-1.612988954224452343e+01
-8.877567299193811934e+00,-1.461944035608739334e+01
-8.152662073626739669e+00,-2.037023264942944678e+01
-1.231775944088216868e+01,-1.759265077131361465e+01
-8.909049093023762467e+00,-2.003180945748997743e+01
-1.083741766997304445e+01,-1.721746925894022695e+01
-1.201718595473929163e+01,-1.559929624456734309e+01
-7.962040617138650411e+00,-1.703149267159396274e+01
-1.332154167177226256e+01,-2.082703471595917222e+01
-8.938771765165613559e+00,-1.517367301647306022e+01
-9.008442951743425908e+00,-1.594042827892064196e+01
-1.289761070670071241e+01,-1.860074616098151523e+01
-1.073122949992083086e+01,-1.970704047752987975e+01
-6.814344595624628909e+00,-2.206251372980388226e+01
-8.269664198873496019e+00,-1.724854396287276614e+01
-1.149693191713165241e+01,-1.794595384011066841e+01
-1.243896368864326618e+01,-1.642263790547515612e+01
-9.064167563653860782e+00,-1.659438397754088612e+01
-7.982826183537440556e+00,-1.640884979355992712e+01
-1.022820488654399007e+01,-1.815622926587616348e+01
-9.819687528013314903e+00,-1.644173002471324452e+01
-6.619649143632331700e+00,-2.077396994270101516e+01
-1.278396886348513739e+01,-1.771913245364703826e+01
-1.220818111856200616e+01,-1.737656004580999181e+01
-1.272919749551522628e+01,-1.935480545755770621e+01
-1.014086731000141661e+01,-1.910074836982301250e+01
-8.765430687256532849e+00,-1.867770598546869465e+01
-1.189979342893061087e+01,-1.902847729930426013e+01
-1.506289643866393391e+01,-1.753460587763900236e+01
-1.070104447451807594e+01,-1.918828130294020795e+01
-1.095566155615444082e+01,-1.724352731005937400e+01
-1.036485403144301642e+01,-1.946903188700547815e+01
-1.184548784169562730e+01,-2.018783878916056551e+01
-1.195432021585262028e+01,-1.677948869792990649e+01
-6.702284506815527010e+00,-1.677741008829399760e+01
-8.176397325336163036e+00,-2.020165769483314477e+01
-1.300306792898502728e+01,-1.766289562510985789e+01
-7.903327268310619047e+00,-1.770047869960383125e+01
-1.172792843542449504e+01,-1.585911637737079261e+01
-8.331368115095196814e+00,-1.855012762219527289e+01
-8.808531796226256816e+00,-1.894350796050310848e+01
-8.396098112611321440e+00,-2.079029044731652931e+01
-8.802222623594374795e+00,-2.041454479598343141e+01
-1.202081097941029242e+01,-1.667849179414186267e+01
-9.865693279886167844e+00,-1.663452667001770280e+01
-8.061161542213008957e+00,-2.063943074778672937e+01
-8.588252562033042992e+00,-1.987516880355475735e+01
-9.906706199933214663e+00,-1.822171603847245436e+01
-7.050418582310666871e+00,-1.935520828567652174e+01
-9.639245545870542387e+00,-1.561405619992429372e+01
-5.115907575786917683e+00,-2.058590683401821408e+01
-1.169223550670354328e+01,-1.702610217475832144e+01
-1.181901174790558429e+01,-1.979180050144681502e+01
-1.068241619033793199e+01,-1.615913042012835277e+01
-1.249428056405023213e+01,-2.210079406887334841e+01
-1.132248040601285588e+01,-1.867644187070881401e+01
-7.706567130845519031e+00,-1.890747043645447079e+01
-1.054429426744827047e+01,-1.677989053690106402e+01
-9.345082719630299906e+00,-1.888574162996196648e+01
-1.099306180440370895e+01,-1.734803894000146940e+01
-8.457738119971663693e+00,-1.829391031949222324e+01
-7.351796013661815898e+00,-1.896214191630802404e+01
-1.022510395788803628e+01,-2.127623136654122860e+01
-5.108584979860525621e+00,-1.701828966705200585e+01
-7.562712617063530374e+00,-1.488620411832899215e+01
-9.151695127243936412e+00,-2.146020414992050362e+01
-1.232201275478823455e+01,-1.644030776669142568e+01
-8.588811887821123037e+00,-1.623658599238796540e+01
-9.579406769542725186e+00,-1.840791660832942256e+01
-1.035397057268839838e+01,-1.430926278480310643e+01
-1.193611475308723868e+01,-1.707234472344141807e+01
-1.305971366441201020e+01,-1.852070846118476055e+01
-6.105341089674929833e+00,-1.891490199651887494e+01
-8.095409425703291362e+00,-1.646643596334476456e+01
-1.004614870165027973e+01,-1.728413574539855446e+01
-1.209565040597491858e+01,-1.582306096911242577e+01
-8.945614291761296855e+00,-1.967050800690049783e+01
-9.747757602169109248e+00,-1.590672478062963613e+01
-7.813524045633116089e+00,-1.557509341474452924e+01
-1.175412893272326187e+01,-1.852517872991700543e+01
-6.698623366959681746e+00,-1.705596682259120200e+01
-9.023939868043306944e+00,-1.687461003805856663e+01
-8.641567844670115406e+00,-1.986701775490130117e+01
-9.830072795764541738e+00,-1.685679544563856780e+01
-8.272560188002323400e+00,-1.491416027949146184e+01
-7.708126377712659405e+00,-1.800237622391973247e+01
-9.388286378708169622e+00,-1.324889438184209567e+01
-8.789317306138599406e+00,-1.995644379623637832e+01
-8.055246861342181930e+00,-1.925606210013558339e+01
-9.154130429642151512e+00,-1.773322293974393560e+01
-7.112657091940125298e+00,-1.823693953011766311e+01
-1.337033574444927808e+01,-1.990921689652733662e+01
-1.048099542756129310e+01,-1.786373190034686331e+01
-9.853388393411330881e+00,-1.853906902687070613e+01
-8.624582902677591534e+00,-1.865051689720150208e+01
-9.884565325930957158e+00,-1.603217152423811598e+01
-1.114598490843492407e+01,-1.509616468916537002e+01
-9.791345844019197386e+00,-1.871138250589577012e+01
-9.427624576852359439e+00,-1.820332416459266511e+01
-9.175556145956285548e+00,-2.027218412526165991e+01
-1.151860447885353622e+01,-2.049432065842224659e+01
-1.192025338398602052e+01,-1.924972412942764777e+01
-1.071297312780468047e+01,-1.918226922614767460e+01
-7.846913950148568517e+00,-1.651213164743124295e+01
-1.271607968214438955e+01,-1.908282333118218688e+01
-1.243505832943418099e+01,-1.754938589678535621e+01
-7.879230704664363927e+00,-2.198946828165661671e+01
-8.719732388255071243e+00,-1.680767345395634038e+01
-1.416807856211832473e+01,-2.200026514300344616e+01
-9.938321650947676389e+00,-1.742785744061123765e+01
-7.045825359001911536e+00,-1.986015641681550292e+01
-9.550910306146755957e+00,-1.741107505800453481e+01
-7.970761186410051380e+00,-1.669164165219866902e+01
-1.143663901965652485e+01,-1.341083661835353702e+01
-7.928949864324308372e+00,-1.917240453194237304e+01
-8.748686576639782331e+00,-1.795090248585325909e+01
-7.790814946172583078e+00,-1.876741486592922215e+01
-1.338817914042724411e+01,-1.695199474179648291e+01
-1.246214351787055996e+01,-1.613888272410467906e+01
-1.285195849255418210e+01,-1.308657554942836043e+01
-1.087789543482823618e+01,-1.439900965006770761e+01
-9.488252735868018206e+00,-1.698534525362615710e+01
-1.208669311466807450e+01,-1.843582116624297740e+01
-1.186533081502951248e+01,-1.986128128045013952e+01
-1.267997509619450547e+01,-2.026480457255999923e+01
-9.813688876854161691e+00,-1.768094507673999161e+01
-9.078194652759032479e+00,-1.958442859298659755e+01
-7.239127849439253026e+00,-1.906463593561307235e+01
-8.169338732313903506e+00,-1.850581371974946165e+01
-7.610517638547571906e+00,-1.870297585950341812e+01
-1.064684958232435719e+01,-1.970818735390700738e+01
-8.423048761229699366e+00,-1.519229700883890644e+01
-9.289350533829159318e+00,-1.612278939757279517e+01
-1.075310547212909462e+01,-1.550992814804672015e+01
-8.427171114357101089e+00,-1.967779966028231797e+01
-1.183740140936587970e+01,-1.471584327947874193e+01
-1.184816499564254855e+01,-2.173804353883301843e+01
-6.813578124262632763e+00,1.146078330126754352e+01
-3.350830090428460917e+00,9.900275721846949040e+00
-8.056521375135062613e+00,1.337737794578971773e+01
-6.719255503001599905e+00,1.208023933752974344e+01
-3.027166029557139204e+00,1.039283128257386224e+01
1.380103762109728294e+00,1.071331867442600760e+01
-5.986870331105293985e+00,1.038761701107723567e+01
-5.133072943950214295e+00,1.189775604962629352e+01
-6.637142822632037920e+00,1.381622754683795051e+01
-4.615909897624624669e+00,1.166627449624147417e+01
-4.202898560201045797e+00,1.250986849536188750e+01
-3.655950876737141808e+00,9.852469749731353588e+00
-3.574182439948668577e+00,1.132944915542012687e+01
-6.804143987699619700e+00,1.050827947752871694e+01
-2.887373951680604289e+00,1.284110350811274159e+01
-2.412554901966856846e+00,1.456974234535306856e+01
-2.667870381450454520e+00,1.124674696567145027e+01
-5.771424206923112976e+00,7.589541808713646809e+00
-5.006214070109233027e+00,1.266333900052458361e+01
-1.091744737694056333e+00,1.266982089643511955e+01
-9.012258446907463139e+00,1.564771592383554477e+01
-2.852553343344746750e+00,1.029050220579136621e+01
-1.191837663618461107e+00,1.524030434497908360e+01
-6.942556952961551175e+00,1.497718338915677450e+01
-2.408495053540069541e+00,1.235859241320936341e+01
-3.112107980193200341e+00,1.260496927405762690e+01
-2.316627516893892569e+00,1.774311459011880032e+01
-4.163489714903602312e+00,1.201843467151319800e+01
-3.124502168261213519e+00,1.578713746954376695e+01
-3.382720617924090067e+00,1.323546223034553293e+01
-5.325977339133801891e+00,1.261509219605130916e+01
-4.283162538596239521e+00,1.506345121095339401e+01
-6.577703461641959848e+00,1.050569950013353981e+01
-1.870649738354300151e+00,1.603811845414248083e+01
-3.513248804375345369e+00,8.420166309460016763e+00
-3.674730552895036695e+00,1.628829287624092359e+01
-3.800729715739440184e+00,1.298673069166816063e+01
-4.178047004454772839e+00,9.050054345983141957e+00
-7.139587894579203287e+00,1.078941899575529817e+01
-4.939923737783825430e+00,1.073684196588275341e+01
-2.957737685885470036e+00,1.313222929789501592e+01
-4.732162995679429329e+00,1.140877507611711117e+01
-2.599747601734900826e+00,1.245297070553291618e+01
-4.479277709394120954e+00,1.720498254118562897e+01
-6.314252407520477561e+00,1.195243320537126230e+01
-4.513800756289382043e+00,1.004399027828024593e+01
-4.101601809243103247e+00,1.268051710756583894e+01
-4.666268286568564960e+00,9.478301740106941153e+00
-3.326891138947686954e+00,9.925935337495376487e+00
-6.768533226745653941e+00,1.465517233728966495e+01
-1.155950243588526050e+00,1.454975002467567435e+01
-4.203426051732013669e+00,1.138605249199714819e+01
-2.049310911283195757e+00,1.414450590967162036e+01
-3.255597078796773403e+00,1.304896125541438323e+01
-2.998902619305642059e+00,1.098724390283253527e+01
-2.816062844276814303e+00,1.256874726929327046e+01
-4.135212543993738166e+00,1.254315433354263831e+01
-4.662246486721288719e+00,1.139530804955026611e+01
-6.421805966139690902e+00,1.182848132473847258e+01
-4.037685474666584007e+00,1.231245995246100655e+01
-3.318960362302021405e+00,1.280704866514289542e+01
-3.098708485488190334e+00,1.697616231932424213e+01
-5.134140866948073700e+00,1.148441382642218223e+01
-4.332846300915905502e+00,1.252947382219556260e+01
-7.445544671325432518e-02,1.109592434210638956e+01
-7.112485378553822457e+00,1.041229068407762348e+01
-2.506900321694816469e+00,1.344055819428261955e+01
-6.338169462138921517e+00,9.826121732658393171e+00
-5.112026877339847175e+00,1.576882885029002423e+01
-1.645278460892570127e+00,9.353169106969154711e+00
-5.353446810610215323e+00,1.274837878002792735e+01
-2.911616816870350455e-01,1.329575171992324201e+01
-4.660315489459516236e+00,1.243662272769635102e+01
-2.062135358989240164e+00,1.005281872389071829e+01
-3.457807850753237489e+00,9.365098768722440070e+00
-4.607867888007822543e+00,1.102736896095820818e+01
-4.219206285784250277e+00,1.678031511400968512e+01
-2.777806595602179573e+00,1.266010283969701966e+01
-4.075220309229380611e+00,1.271255675394096940e+01
-3.418869766647532060e+00,1.208129680040023146e+01
-1.746089604182514243e+00,1.238747198742935574e+01
-2.537622530166322221e+00,1.020033300121094832e+01
-4.203439465285788046e+00,1.166466207760491081e+01
-2.250345657688081147e+00,8.870884041621378557e+00
-3.332217811413357378e+00,1.078211042822636401e+01
-1.996886045108114960e+00,1.237210510264961094e+01
-3.910596815750867705e+00,1.236507096960770902e+01
-3.469137156948413292e+00,7.126423587067789001e+00
-4.465606541237714389e+00,8.191110689474072615e+00
-3.618096420319462769e+00,1.639725851749322416e+01
-1.277079908463080837e+00,1.246418492980856385e+01
-1.188824954083501861e+00,9.903321424027284436e+00
-6.493414473223522165e+00,1.169281160790972329e+01
-6.460757193482172589e+00,1.220700706213955478e+01
-3.492807060712411094e+00,1.284357442921584713e+01
-3.668408523857538128e+00,1.180458221587260503e+01
-5.281947509603420521e+00,1.638662812736210839e+01
-6.381589272594641926e+00,1.412095590424355152e+01
-6.929515714717306984e+00,1.381794982820346185e+01
-6.552019657781730899e+00,1.395972388862375979e+01
-2.356809544667582301e+00,1.557560714512109712e+01
-3.015020540885635203e+00,1.154290523396316637e+01
-4.288446283882735521e+00,1.231905118779228836e+01
-5.852397898530456999e+00,1.304740980766803737e+01
-4.126565998401492408e-01,1.536054595571826020e+01
-5.653499655997539008e+00,9.705184192825869971e+00
-5.763398413573797008e+00,1.366457126502350050e+01
-3.011348937005824400e+00,1.355103028196481318e+01
-3.091619437489705025e+00,1.155035835806757483e+01
-2.168398064013111082e+00,1.200781108931672314e+01
-5.218912075904625247e+00,1.127349100836251061e+01
-5.495930036727839862e+00,1.511980015662553534e+01
-3.140345724154171680e+00,1.119949446999295439e+01
-6.244227611131209166e+00,1.224083763868906161e+01
-6.260628924856126432e+00,1.093285234743054524e+01
-3.748431202441069310e+00,1.005133219225073304e+01
-6.787569559460140844e+00,1.434695040356823625e+01
-6.501828602242109234e+00,1.137502217989814035e+01
-5.664678241299387018e+00,1.042913848472342409e+01
-3.481695236569860796e+00,1.007340377402057285e+01
-5.014853913421675635e+00,1.350548324074849482e+01
-9.517022679523097217e-01,1.549418239572409739e+01
-4.511820399124228942e+00,1.195762129779442517e+01
-2.754852427524580705e+00,1.351022823736278511e+01
-6.830784932513628505e+00,1.363674107772607158e+01
-6.247963114950961128e+00,1.229260752975993576e+01
-4.909694446226554376e+00,1.091984774599150043e+01
-5.487782091681348895e+00,1.034100144977183966e+01
-3.184302745975573501e+00,1.056311413034051583e+01
-1.758537815294948903e+00,1.213000963385723807e+01
-6.790274438626022757e+00,1.250163975142712580e+01
-3.263187701958612408e+00,1.134927979514418972e+01
6.731365172301444488e-01,1.111215841123897086e+01
-5.273184872447129301e+00,1.268503884117871117e+01
-7.249744749625213203e+00,1.114320343433475458e+01
-1.378636241545218688e+00,1.438996921433003351e+01
-1.486318823847586845e+00,9.890610290219695955e+00
-1.239626674808818052e+00,1.045914782375285235e+01
-4.255569766670862286e+00,1.218657070189984637e+01
-1.785968825645656288e+00,9.223584135916793159e+00
4.024272072992207683e-02,1.018220742078740848e+01
-5.060729089038540351e+00,1.196642447274243537e+01
-1.041188504546086691e+00,1.078371263953783910e+01
-5.692458108444587772e+00,1.258310310703761026e+01
-3.535740395665381453e+00,1.463381807608571528e+01
-6.030301946183117323e+00,1.457661317923700928e+01
-4.783152132813274449e+00,1.287197600405620790e+01
-2.549454488561758048e+00,1.324248202631090798e+01
-2.946931144600902108e+00,1.704163509252525444e+01
-3.426402494943205923e+00,1.541990620525754885e+01
-6.854519431866101797e+00,1.360076127759379538e+01
-4.523879850896923571e+00,1.033138576452069657e+01
-3.142962716244875665e+00,1.023718981604252498e+01
-1.965418249043606291e+00,1.777057499225964676e+01
-1.904603255276236862e+00,1.471656699504208632e+01
-1.301797232208086630e+00,1.458917054522241230e+01
-2.098874638583671182e+00,9.574319368654375495e+00
-4.908169214027360283e+00,1.070545337679313569e+01
-3.426010857053864100e+00,1.295957640755185380e+01
-4.369330626630889114e+00,1.510308770582925142e+01
-6.102084345592331260e-01,8.923118383175081547e+00
-3.677810324893612481e+00,1.275413897274040664e+01
-7.784191241244035275e+00,1.272259877516160387e+01
-1.824110072522494796e+00,1.382833317508393733e+01
-1.681449821915429688e+00,1.212740413004268270e+01
-8.125370708661083796e+00,1.597327225628620795e+01
-5.149572482358662384e+00,1.198284824885428712e+01
-4.966441286849487824e-01,1.080941405703316605e+01
-3.748478382693329891e+00,1.430496803130393957e+01
-2.056236409830616729e+00,1.331719031574372991e+01
5.809584130297205107e-01,1.238173591408826901e+01
-5.846413989071807649e+00,1.472566803316983908e+01
-5.590661878555447828e+00,1.189916971298471715e+01
-1.503530424085457895e+00,1.232177492833981347e+01
-5.819678574068309906e+00,9.491965047100315189e+00
-3.837016209116981269e+00,1.178502676613923761e+01
-3.512481079142916851e+00,9.428378953805388818e+00
-7.722498370391994271e+00,1.154008631057249445e+01
-3.592859148490112453e+00,1.069108288933106188e+01
-5.229061727619560784e+00,1.197465379327730872e+01
-6.578218715951523521e+00,1.533792384600447001e+01
-2.041586478940468297e+00,1.242206036319720930e+01
-3.425061413132092003e+00,1.148243018759930578e+01
-1.705391233260577621e+00,8.803231713053076390e+00
-4.415208027310306704e+00,1.020818357793241837e+01
-5.979083250484277023e+00,1.212926876577656188e+01
-4.562352435054533473e+00,1.503853530124738569e+01
-3.097721083158456956e+00,8.025061018313882855e+00
-3.366735818812349734e+00,1.219147992159551208e+01
-4.575396122612543692e+00,1.373488011050585911e+01
-5.368480863995996444e+00,1.242345342733128888e+01
-4.710767046551689319e+00,1.092331327567071142e+01
-1.476023645649986893e+00,1.141703727553928616e+01
-6.059244799496377176e+00,9.045747653191057225e+00
-4.256809243701350276e+00,1.116118126996720328e+01
-5.493722244590779624e+00,1.320714781257682802e+01
-4.996661431300951861e+00,1.350830693181600317e+01
3.079317389680280570e-01,1.306449043417283207e+01
-5.821487004637824647e+00,1.346475803408136329e+01
-3.497392229821000509e+00,1.255690790797076062e+01
-2.756635767905463830e+00,1.344511960065199574e+01
-6.378480185314669981e+00,1.068077349611969495e+01
-4.023513081740688335e+00,1.048230790158399905e+01
-5.209499595252251147e+00,1.414496209794360837e+01
-3.288693905542728668e+00,9.569122415632216772e+00
-8.568932904564663389e+00,1.512232490355478376e+01
-3.893042272657150527e+00,1.180011136259859583e+01
-3.035747746355336396e+00,1.260830244668199640e+01
-2.470530775539849344e+00,1.331770967690211194e+01
-2.764043962789543230e+00,1.458723319088870340e+01
-4.251932746152863984e+00,1.167290246586294522e+01
-4.167083853376436942e+00,1.301771916601453860e+01
-1.781966447212298466e+00,1.001784374090423846e+01
-2.509800292174872105e+00,1.011029867087902367e+01
-2.061240977801497287e+00,1.320351079734499855e+01
-1.643978268849044522e+00,1.042492821004969628e+01
-4.306660741747468713e+00,1.102478508253145151e+01
-4.762363876892203862e+00,1.024620512073242118e+01
-4.910015079437609842e+00,1.032634182538252965e+01
-5.354749096065249958e+00,1.576763381038903944e+01
-7.214495469061596111e+00,8.480159024704796877e+00
-6.365127328882447699e+00,1.530713477614631124e+01
-2.524312695289887110e+00,1.074383012928582559e+01
-8.848065702347875927e-01,1.134630214643393131e+01
-1.231288136039697001e+00,1.161367637567292554e+01
-4.777534653734250902e+00,9.257619889127884250e+00
-3.420027799410332303e+00,1.015971310864296306e+01
-3.122680313242309325e+00,1.129778570522512915e+01
-1.747527192167007914e+00,1.494133508005004352e+01
-3.545318030279541510e+00,1.179299170293231214e+01
-6.300750334241692840e+00,1.676204845118036957e+01
-4.430846947822750792e+00,1.346455872188163028e+01
-5.621323493995594056e+00,1.413383812474328316e+01
-3.421540675463243364e+00,1.640397659187915025e+01
-2.467292316289256604e+00,1.084094960895876980e+01
-7.836534729952006728e+00,1.364652742780088879e+01
-3.291821854382845469e+00,1.157555349205920514e+01
-5.319050521651918828e+00,1.130857334674349524e+01
-7.901089729017263252e+00,1.290625541416562960e+01
-4.674597555735764409e+00,1.315054834287422025e+01
-4.613836090073695217e+00,1.236068197619361797e+01
-9.238736574519048617e-01,1.412261880817210802e+01
-5.674095254263125554e+00,1.315282757222996679e+01
-4.527230297457216501e+00,1.678616365024583601e+01
-8.744468282944165338e+00,1.319770344066742140e+01
-3.797882182357545489e+00,1.154245280720066802e+01
2.057270449469745799e-01,1.386386396381463726e+01
-4.430930491623949585e+00,1.015468122012797636e+01
-6.144140384354096263e+00,1.445186938384366115e+01
-2.476392294691846185e+00,1.033935774150381803e+01
-2.759798056243851772e+00,1.166294182927015477e+01
-1.408734299335107742e+00,1.401115125716128063e+01
-4.460201965387049050e+00,1.545101638029723823e+01
-1.055567668155513061e+00,9.784270118597065746e+00
-6.060389705830505847e+00,1.501428418303281198e+01
-3.087754333950886831e+00,1.204992952621806168e+01
-4.208402893189484573e+00,9.797471471121461661e+00
-3.025593212305396573e+00,1.150032966042638272e+01
-8.111437371302663735e+00,9.746965628994885833e+00
-3.312715555831119651e+00,1.171040407003340889e+01
-1.692286573915328329e+00,1.441240054755800948e+01
-5.678820460874440812e+00,1.562356859484352078e+01
-4.807723293452905722e-01,8.891261087071885783e+00
-2.190530510962818589e+00,1.036369837271968208e+01
-2.724611440471269130e+00,1.406305158009557843e+01
-7.850345759393109191e+00,1.224390605023339695e+01
-5.641131559243981464e+00,1.148417230986544624e+01
-5.319503708511973628e+00,1.212705967338027691e+01
-4.562859950152814648e+00,1.343270125204931986e+01
-4.597607012513956981e+00,1.580009212381351702e+01
-4.911564895638113271e+00,1.259103524560572929e+01
-2.478711360651267182e+00,1.016724391801023408e+01
-4.843858388057330266e+00,1.118179643575939863e+01
-5.477575342596985308e+00,1.041155662846592733e+01
-4.646961440263836174e+00,1.165030252184426551e+01
-3.396816817185718484e+00,1.367952703262666425e+01
-2.552030696809394428e+00,1.019826641040589976e+01
-7.767073775426382554e+00,1.370605212947436691e+01
-6.640114643289317442e+00,1.204254385840278552e+01
-4.954347530545685885e+00,1.464799794752885731e+01
-3.633186917894972723e+00,1.280150405824396742e+01
-6.083414386859855583e+00,8.480903346773022378e+00
-2.179989984243491552e+00,1.257434101212252386e+01
-4.353755483765946011e+00,1.428338718234591909e+01
-3.654172298439808841e+00,9.185686912205433430e+00
-2.932712470751495992e+00,1.028306610285788913e+01
-4.151205550513045850e+00,1.179591675575741050e+01
-5.794810398263816609e+00,1.243392517027348632e+01
-7.373788385667761069e+00,9.398619226272211691e+00
-1.689986611257032756e+00,1.181630819681786093e+01
-4.997926778322240970e+00,1.720595620933787373e+01
-1.146700629425569939e+00,1.149483545223097991e+01
-5.320164559013699446e+00,1.641063793999396836e+01
-5.826271334262334456e+00,1.071410197316428103e+01
-3.452050049212734617e+00,1.379614684480440623e+01
-4.453533705014216970e+00,1.224930653302045513e+01
-3.130403131669167394e+00,1.530791879640075770e+01
-6.375820646069875863e+00,1.284559408186263596e+01
-3.944891227194029515e+00,1.259192576042992684e+01
-4.413163267818082325e+00,1.390802866385713799e+01
-2.829940587156387188e+00,1.410347056869211713e+01
-2.313890869049406440e+00,1.168458243518615980e+01
-5.503369672262484080e+00,8.699462382416571771e+00
-5.461462942702352663e+00,1.210477328928821450e+01
-4.898380465676661188e+00,7.356027518876585347e+00
-2.923211611955917277e+00,1.146033173466274135e+01
-4.968862205928878062e+00,1.110009726171223754e+01
-2.052719112511822708e-01,8.865187610862394152e+00
-1.712195932570760526e+00,1.112019010878328373e+01
-6.115851433013852478e+00,1.296951699629014065e+01
-1.337843001805641308e+00,1.246536712187603158e+01
-4.153811740580857226e+00,9.855272301531080359e+00
-7.126832280416405929e+00,1.231965425524294844e+01
-3.552858298137498760e+00,1.112933108292702045e+01
-5.168627323271589802e+00,1.611901415966637785e+01
-6.404961221896730450e+00,1.351631782243966207e+01
-2.306501467743270251e+00,1.157124079653273441e+01
-2.708896735905702791e+00,1.366989314608784234e+01
-5.635620645445658994e+00,1.522098152466248777e+01
-2.869273491927059272e+00,1.657572093316655071e+01
-4.930147346399469832e+00,1.134032680006421323e+01
-4.997092041880527802e+00,8.945373525210799315e+00
-6.071120334619701353e+00,1.182227298104155899e+01
-6.910403510247963510e+00,9.835498846680593488e+00
-5.455470196235408409e+00,1.279830490296484236e+01
-8.662150836953386168e-01,1.240394604773328169e+01
-7.761849411090761208e+00,1.325760442162608044e+01
-4.472164549309736614e+00,1.317957968811327341e+01
-2.839667493800956954e+00,1.546099721859668819e+01
-4.397012637785259415e+00,1.116439485118170971e+01
-2.877772007258038833e+00,9.187454996909739435e+00
-5.087157920923774057e+00,1.310841245636485652e+01
-4.138295816166895236e+00,1.365100995838380271e+01
-2.613202528640528488e+00,1.370005507274431089e+01
-4.672040286360786610e+00,1.292671971460599245e+01
-8.362092206001449313e+00,1.479460021956906424e+01
-5.371733634487088516e+00,1.318931165778194270e+01
-3.733790160309343076e+00,1.293910873059794220e+01
-6.370696368998067349e+00,1.245956232247911011e+01
-2.067848390112296819e+00,1.279655706105269353e+01
-3.464156463857812618e+00,1.250701829609543836e+01
-5.637401934522047853e+00,1.142604212644005734e+01
-4.555892230470728776e+00,1.180651012324091909e+01
-3.102758513565810894e+00,1.431010194927804235e+01
-3.915529810691829038e+00,1.140408591181970799e+01
-3.152316169690974501e+00,1.145734581011594955e+01
-4.510815193337515794e+00,1.041791436466118448e+01
-5.626978506103665012e+00,9.555461789895280944e+00
-4.358582843290617070e+00,1.088822344960492217e+01
-5.163470173844760147e+00,1.332483536609970898e+01
-1.934666638540572858e+00,1.312075293157475286e+01
-5.383533393017813751e+00,1.244350744814724408e+01
-6.331884472389102569e+00,1.085121147556755439e+01
-2.273384608564834153e+00,1.365176851822585036e+01
-4.446915409901878391e+00,1.506473640005276948e+01
-3.381359447235077198e+00,1.146572026518077614e+01
-5.416320352225672430e+00,1.372041715985143284e+01
-5.244393948693213403e+00,1.082374973571392474e+01
-9.775414218151965429e-01,1.541275261549920828e+01
-3.964704359749673834e+00,1.291002415571187356e+01
-4.395476025766673622e+00,1.282478771132779727e+01
-6.197126620292147336e+00,1.056995073361166604e+01
-8.387731562483022429e+00,8.235778360093448214e+00
-2.951061739551557039e+00,9.452651743633708747e+00
-3.112741427508241010e-01,1.297672195545856688e+01
-5.185016336323756470e+00,1.173009942321974108e+01
-9.898872952034711403e+00,1.399581257922173450e+01
-1.338097824021727611e+00,9.327431824083669554e+00
-3.737904316455047393e+00,1.120378545706370765e+01
-5.564446756767285507e+00,1.042647472847580303e+01
-8.724045360426394780e+00,1.308638029976837558e+01
-4.590953295608545481e+00,8.877141633644557217e+00
-5.216664940707238962e+00,1.247866281245145004e+01
-1.523250598675798706e+00,1.424278754959114579e+01
-4.098364418455696878e+00,1.108467720168690995e+01
-7.821586214900652756e+00,1.397281222412432378e+01
-1.557893642286249047e+00,1.190435076662564740e+01
-8.877512974092169884e+00,1.002362361895514731e+01
-4.444024999884233829e+00,9.172516270584383236e+00
-7.441804265518037198e+00,1.787341977636735280e+01
-2.927976675218438185e+00,8.330472209545234819e+00
-4.995021236280202892e+00,1.314944832915149497e+01
-2.160737640830334705e+00,1.230252998284022325e+01
-6.798239085112962599e-01,1.527081781426461404e+01
-4.317774300027605427e+00,1.145521969726045874e+01
-5.799619238050061298e+00,8.751362437755467738e+00
-4.285326994182726779e+00,9.373522584539893288e+00
-9.300042231278256466e+00,1.396334455466160307e+01
-2.761656843936392214e+00,7.834460341693825214e+00
-2.279512957806062445e+00,6.811450685815278128e+00
-2.274233683345626922e+00,9.001689112261209047e+00
-4.770595945741837873e+00,1.381039651494762843e+01
-1.307963834163942352e+00,1.133389681739858190e+01
-2.972882167421128763e+00,1.131712502026104161e+01
-5.600764941528439955e+00,1.188154755929278394e+01
-4.663175441472048988e+00,1.370533436268667771e+01
-2.337488491169534832e+00,9.548988556827243457e+00
-5.577926793699520047e+00,1.647446577473508356e+01
-2.382811680346837768e+00,1.013703795420083331e+01
-2.354893443169638445e+00,1.052226465751773610e+01
-5.781959324398645350e+00,1.231009204127218126e+01
-5.226228249293290773e+00,9.203978979754339207e+00
-1.795381335130806111e+00,1.155566067000404473e+01
-5.456872422041699977e+00,1.380975879324776479e+01
-3.110512117287886458e+00,1.813376089638224542e+01
-9.110481385209336480e+00,1.039429910303079296e+01
-2.672673132392596962e+00,1.462417051193526341e+01
-5.630865624927729129e+00,1.048142870984639430e+01
-6.573202123389942919e+00,1.407263542369616971e+01
-4.828305879564070757e+00,1.087702168711543926e+01
-7.274024408375133532e+00,1.112015282903029778e+01
-2.890834251965780588e+00,1.071766004271302819e+01
-5.259375324367786320e+00,1.425959873894201202e+01
-3.281080716211686621e+00,7.655613166092446242e+00
-3.301349197858790330e+00,1.436387003962636655e+01
-5.210205749486640059e+00,1.207780518183438723e+01
-5.024166106212961225e+00,1.175180024686510727e+01
-2.746311955640933888e+00,1.205386876392999262e+01
-4.993617846074574373e+00,1.233706924021776885e+01
-3.795600250933391262e+00,1.311271824306902722e+01
-3.779101099689043508e+00,1.533797990840725056e+01
-1.931519135645330287e+00,1.318481663585310493e+01
-2.530500014813176879e+00,1.133648722413455268e+01
-1.832721411988051052e+00,1.161325115368713590e+01
-5.530923337084482583e+00,1.010873208422423630e+01
5.208331071977632121e-01,7.479193766356448059e+00
-7.186879988578308343e+00,1.026110270832291071e+01
-4.456920567475806116e+00,1.532640040106756452e+01
-4.265785081383040911e+00,1.199823578923325229e+01
-4.739555324341407250e+00,1.039200493512074530e+01
-4.260229735290176123e+00,1.071337671263052371e+01
-1.811911610625944746e-01,1.407479650805415439e+01
-4.345852933959778674e+00,1.302141952709427386e+01
-3.833461227428584639e+00,1.142900635935988340e+01
-4.525660441761768737e+00,9.716241008766477449e+00
-2.340072676872609225e+00,1.160644789716759107e+01
-6.015930570424504964e+00,9.085413096099625108e+00
-1.198162138882995276e+00,7.537710721455545659e+00
-3.203451956144287127e+00,1.232704697781473158e+01
-3.980207329965117946e+00,1.076340829980178881e+01
-1.671392482961069792e+00,1.149913346321695329e+01
-2.965974062102527675e+00,1.346937620103302180e+01
-4.642914648307242764e+00,9.958595602768486543e+00
-4.747555227781852238e-01,1.452931973445354785e+01
-3.053994923944101547e+00,1.139416241201185009e+01
-5.571696112873340212e+00,1.271826476640065096e+01
-1.083546078532950485e+00,1.178564388634127624e+01
-5.257061848073218968e+00,1.504713622966683495e+01
-1.749428338280285100e+00,1.137168501464763537e+01
-4.025373340613086270e+00,7.581973125015417203e+00
-3.585160357916446827e+00,1.420681190195927357e+01
-1.410783797394843830e+00,9.952546891501672377e+00
-1.198637582769979115e+00,1.179625715925373974e+01
-1.676014020925112646e+00,1.275135855760404446e+01
-4.220992840911777400e+00,1.166968273968557845e+01
-1.364809760509735792e+00,1.370282173713432528e+01
-5.278829632866149701e+00,1.395009501734733526e+01
-2.431795352557892365e+00,8.892513683928077839e+00
-4.983052620712596692e+00,1.250396228676186006e+01
-3.450886053382807628e+00,7.381683079649713264e+00
-2.438961972400332190e+00,1.439733908845168386e+01
-5.860058185167551059e+00,1.382935421536184784e+01
-3.484872720715866734e+00,1.189910562437633601e+01
-6.197041884638509579e+00,1.294041841132350612e+01
-5.699949561415994737e+00,1.023052096252619414e+01
-2.801403120538113800e+00,1.382642586102928561e+01
-3.698388603395649454e+00,1.439788692125825698e+01
-3.336323484262502248e+00,1.093784528132750999e+01
-6.210969173913788666e+00,1.168610161716805962e+01
-2.702734189409241150e+00,9.241315577255990732e+00
-6.321040671032163161e-01,9.563024220645196749e+00
-4.136577930241505108e+00,9.276157286805746693e+00
-3.034449929886205766e+00,1.111695096883944700e+01
-6.450905544892329146e+00,1.357315182158937006e+01
-3.916747104532117163e+00,1.225113758837599320e+01
-2.088622507879082768e+00,1.161015791670489428e+01
-5.375277670830240773e+00,1.379902435217026380e+01
-6.129428183925595519e+00,1.408832597889846383e+01
-6.950146523350783312e+00,1.327596018174680381e+01
-3.465818445705788786e+00,9.262211152056350372e+00
-1.875166291538759022e+00,9.160550257864528589e+00
-3.314735507747029963e+00,1.181044962782629071e+01
2.426658349606789500e-01,1.299889621900497794e+01
-3.910985422685163915e+00,1.378093435230591801e+01
-4.755125188529274460e-01,1.289241536496590967e+01
-5.148835563637388368e+00,1.578085474022656776e+01
-5.388028279959756084e+00,9.291213122487519627e+00
-1.754880953743612082e+00,1.077179931040907235e+01
-4.419514934156644870e+00,1.138220797362894388e+01
-5.155102627839626805e+00,1.351669613931250780e+01
-1.766065433922891614e+00,1.089455612591968503e+01
-7.980441670131182441e+00,1.340942432955866970e+01
-3.500750204348236139e+00,9.547717580544595961e+00
-6.691656751634647016e+00,1.296428825599808654e+01
-4.079864405714370257e+00,1.150855440513131356e+01
-4.808313425455925660e+00,1.064468181375525724e+01
-7.576940666705789695e+00,9.043100303131371476e+00
-3.203186727812146639e+00,1.134765722947568634e+01
-5.668744099862431440e+00,9.582900764723149223e+00
-4.400816964285793276e+00,9.571558021382225334e+00
-3.054704165192563270e+00,1.346846554715250832e+01
-4.871599490079842276e+00,1.015353177630624870e+01
-6.155586552711481474e+00,1.329753206953943767e+01
-1.096877421694274712e+00,1.427685593211147008e+01
-4.003678441546401068e+00,1.034254704292652605e+01
-3.652804993913196796e+00,1.262617955217580423e+01
-2.818881974106725252e+00,1.553807293072458862e+01
-3.954511362013158671e+00,1.651637440316707739e+01
-5.536082635339903746e+00,1.220853724612942237e+01
-2.622353863184781364e+00,1.391590342060375640e+01
-4.723672712421713271e+00,8.415998618562099409e+00
-2.879941203940214578e+00,1.350937709871205250e+01
-6.507985363644749555e+00,1.597023647470507157e+01
-4.208875071368696652e+00,1.573809788176544089e+01
-3.464591796719360239e+00,1.462913352811383128e+01
-4.180378028847622218e+00,1.171497504574538517e+01
-1.378332759128393814e+00,1.130767203849518943e+01
-3.315994679646781407e+00,1.235930430957040294e+01
-1.433363259802240108e+00,1.202940580688246897e+01
-2.858271203230178248e+00,1.594521478170769235e+01
-4.314820831342331076e+00,1.354312413002795701e+01
-2.626694251635244726e+00,9.668746073319582024e+00
-5.081625501256940680e+00,1.018694592034768576e+01
-4.743881115610637522e+00,9.741200795260331446e+00
-2.631634482480405435e+00,1.050597798265668281e+01
4.296337118264688115e-01,1.018899505444863252e+01
-7.469096593151617114e+00,1.272775037573077839e+01
-3.973127004909954962e+00,1.448915393128782370e+01
-4.535706318013463800e+00,1.004732556915879371e+01
-5.066982777234869673e+00,1.153301120893385168e+01
-3.512703982014914850e+00,8.950091741478443552e+00
-7.308098874649415322e+00,1.226900375294082046e+01
-3.466033305316329916e+00,1.378824415487459554e+01
-4.451863830037019021e+00,1.591830757212363601e+01
-1.598101575788827944e+00,1.525252107129266577e+01
1.342166967865482619e+00,1.045211207241350593e+01
-1.607200189725441763e+00,1.130189643937084476e+01
-5.317754767430552754e+00,1.141848493101022655e+01
-3.350582154299072357e+00,1.251931984875649384e+01
-1.621119783647477774e+00,1.729034966853071253e+01
-4.169532774688373244e+00,1.151232002873957683e+01
-2.751595241643837397e+00,1.135445799799293987e+01
-3.449009016781277914e+00,1.271357187360675667e+01
-9.563436207899172814e+00,1.298167196704717341e+01
-2.256204187704183184e+00,1.485396378505878445e+01
-5.075668595188775001e+00,1.297911983610338638e+01
-5.239027752705045060e+00,1.200953571665490038e+01
-2.653776459848145031e+00,9.988286501978560494e+00
-1.627830142116612144e+00,1.209432476161791215e+01
-5.376849946784099110e+00,1.382728479388974208e+01
8.344950757297908694e-01,1.191167674822649936e+01
-3.149805935714742322e+00,1.090223696703814582e+01
-4.662720139610537551e+00,1.284132612723431421e+01
-3.798898357324703490e+00,1.228750703825083868e+01
-6.515787181857856325e+00,1.085639209945941275e+01
-7.214216696202594648e+00,1.153222533472164990e+01
-5.379355339563026916e+00,1.114501415188352951e+01
-2.877307815574881023e+00,1.243423462485326958e+01
-4.735484881857180639e+00,1.316302602031972313e+01
-6.193477331268450570e+00,1.326677936257406998e+01
-4.255184019352797442e+00,8.340095847446363564e+00
-3.631663223677005448e+00,1.192184685949259837e+01
-2.554976376431194574e+00,1.368395373920752078e+01
-6.913385117665818314e+00,1.486730061726649055e+01
-5.093828343862369934e+00,1.378957319678162641e+01
-5.208099423510732962e+00,8.434130362743655240e+00
-1.791642312697056649e+00,1.052703966703605687e+01
-3.700338699014175337e+00,1.286820790345005605e+01
-4.390876196484036598e+00,9.067428263574322855e+00
-5.074839284104309733e+00,8.782126681277613756e+00
-7.368100367457293132e+00,1.097562361821399790e+01
-5.194895254452505107e-01,1.335967925472259310e+01
-5.994818936510107221e+00,1.042955365456582051e+01
-6.607045816389463866e+00,1.223754230301556589e+01
-5.324103769762135840e+00,1.245364074027081536e+01
-5.136381738046597256e+00,1.281666559541336881e+01
-4.028636651855796558e+00,1.378550542929460043e+01
-3.535301307885767130e+00,1.258931930953663603e+01
-5.154739804058217523e+00,1.071814915278878111e+01
-4.876978305439611638e+00,1.231825538968024958e+01
-3.472651402605308135e+00,1.155082854602116704e+01
-1.868071018053958365e+00,1.341703733772703089e+01
-3.467927703886900304e+00,8.715447540088048228e+00
-3.803489405069686136e+00,1.528884614239179029e+01
-4.411337857976055155e+00,1.268589215429855876e+01
-3.330645799468194390e+00,8.229940197651863798e+00
-2.262545987925619784e+00,1.220467709590463556e+01
-2.511197360055833272e+00,1.162243533897782299e+01
-2.879058208051246126e+00,1.322114835853187564e+01
-6.515255324563739237e+00,1.239202091912394721e+01
-6.757180007633364127e+00,1.128109704930248292e+01
-2.410095836996966057e+00,1.249222108216799754e+01
-4.357932684176548221e+00,1.217778033873784160e+01
-4.897853117019766778e+00,1.515054583495919971e+01
-4.122795373096105109e+00,1.162190848556558187e+01
-3.944599780765170038e+00,1.408995676434727962e+01
-5.624616272888419033e+00,1.144975108342511483e+01
-2.537672369123602945e+00,1.383580676976919577e+01
-5.003586267343399285e+00,1.574244062310918579e+01
-3.795710635433060531e+00,1.083633194218825224e+01
-2.491875940029293801e+00,1.388274188548231791e+01
-1.852582934942849757e+00,1.117223734161532001e+01
-5.078911864058571979e+00,1.097441135487549602e+01
-6.559868751039363843e+00,1.299410105741100985e+01
-4.349976671540484396e+00,1.603532727305352523e+01
-3.759940767256504390e+00,9.632118855886536934e+00
-4.364619829294441367e+00,1.150899761668833676e+01
-7.751647647457220458e+00,1.088261324541820585e+01
-5.692707003849988290e+00,1.361400244843741447e+01
-3.927643504491667326e+00,1.371200245836510945e+01
-3.726206359450498162e+00,6.934415105563486392e+00
-4.894745488387751919e+00,1.150394897924316773e+01
-3.422046355446192845e+00,9.936806722393257019e+00
-5.955946708330984052e+00,1.376557034750299024e+01
1.020900364994184351e+00,1.286622899528031816e+01
-5.406468332272650557e+00,1.501969384270739738e+01
-4.871585095378643260e+00,1.136962541074361432e+01
-4.731645981626069641e+00,1.111703504424258071e+01
-6.887078159191013071e+00,1.462058532915443720e+01
-2.313516053419467866e+00,1.205268881972019379e+01
-1.628075217950150755e+00,1.291492762322387300e+01
-2.751426749923055581e+00,1.274527292123697109e+01
-2.267022557054140464e+00,1.321078718812546704e+01
-4.569710478092970263e+00,1.288735516265260905e+01
-3.071962690323746692e+00,9.954351954306449812e+00
1.647698708268656276e+00,1.246025044291275030e+01
-6.631607209344476672e+00,1.492199833024570488e+01
-3.389441228827520192e+00,1.125594142760858851e+01
-4.622599636168441606e+00,1.034458732633615163e+01
-2.663317267561784440e+00,1.209512729883970117e+01
-3.293636657620581332e+00,1.539028599046917378e+01
-7.900124100158190110e-01,1.383066696681049912e+01
-1.522797856310310838e+00,1.173381804911225856e+01
-2.586409235233135817e+00,1.458540735403855138e+01
-3.083892743632112854e+00,1.345512236053219546e+01
-5.358513870092740383e+00,1.351810529484405343e+01
1.224763731731197680e+00,1.233830674427152907e+01
-4.414459932616994209e+00,1.049726488181954309e+01
-1.499087762532624879e+00,1.489924441997291993e+01
-3.491565716627921923e+00,1.389288601951674273e+01
-4.406319168014854348e+00,1.311613290401361098e+01
-3.259573802447567115e+00,7.217197744928865788e+00
-6.470807336775838969e-01,1.364763288813615461e+01
-3.001560368376329002e+00,1.510148031022161597e+01
-3.118137684777209984e+00,7.812818299573478953e+00
-6.040599834144146918e-01,1.249129046078986427e+01
-3.902357538482501109e+00,1.269592250375475828e+01
-3.333033825783978443e+00,1.140668510574083605e+01
-6.603385072392446986e-01,9.680791021950296837e+00
-8.010832053070259917e+00,1.140448232917391280e+01
-7.119608330020275488e+00,1.315933314562641065e+01
-3.769408798451017173e+00,1.148013655425636159e+01
-4.434195423871623909e+00,1.030998605698298043e+01
-3.553677984333154516e+00,9.579893810295271095e+00
-3.202080271942293166e+00,1.157151990985578216e+01
-2.791532834898704518e+00,1.487967697192437910e+01
-4.292805546940847705e+00,9.915426995695767687e+00
-4.800539961057258331e+00,1.406998772371547268e+01
-4.255826200829302408e+00,1.238794821669918989e+01
-2.267614539844215571e+00,8.658837227720738383e+00
-4.007334393451722931e+00,1.244675055506525041e+01
-3.120678295384956780e+00,1.003504752349281226e+01
-5.542253549514729372e+00,1.581750131250331037e+01
-3.770792222702207486e+00,1.186399878584175127e+01
-5.544696485097270866e+00,1.193478388157097925e+01
-5.894872374044760832e+00,1.428515377740102110e+01
-3.794592895648651432e+00,1.296198583594252796e+01
-1.625346053133771562e+00,1.308980070425007369e+01
-5.400156246607608068e+00,1.526369718481548432e+01
-4.104715073370354794e+00,1.106935446532401812e+01
-4.068833194821753096e+00,1.522374570897364165e+01
-6.513627849115543711e+00,1.182974623910728873e+01
-5.811641675320545097e+00,1.090257887251863878e+01
-2.487737325906738128e+00,8.928584301780874810e+00
-5.867110968446260344e+00,1.328860934640921521e+01
-3.361545548753070545e+00,8.425663934558372148e+00
-5.006305825973706547e+00,1.050236117463370178e+01
-1.116466539674770608e+00,1.404405767142779382e+01
-3.780455860611366958e+00,1.102222450901505724e+01
-2.226993667747541039e+00,9.013094273170224824e+00
-6.444473589941351221e+00,1.079191757665601337e+01
-6.274046909289349827e+00,1.131384667200159555e+01
-3.418333181372399387e-01,1.301793894089851022e+01
-8.102345421234218747e+00,1.500834312123276959e+01
-7.323342973789375598e+00,1.081317186538222508e+01
-6.224142254279575681e+00,1.310992559077986286e+01
-7.352993249790457320e+00,1.212230025261386324e+01
-8.260444147144665905e+00,1.162644379100554559e+01
-2.339060442991955036e+00,1.020967512101654506e+01
-2.164378482335354015e-01,1.192470544125822407e+01
-4.529804178360948619e+00,1.163538027942305675e+01
-3.143232410380012887e+00,1.458311764819486100e+01
-1.060653316924961675e+00,1.138909186166698007e+01
4.461201452618865915e-01,1.141368993616841010e+01
-4.968413676740927265e+00,9.222087494728707924e+00
-7.858863529639654288e+00,1.260982620188548964e+01
-6.459733968757213063e+00,1.468435042412370706e+01
-2.576201570525034512e+00,1.019480462265488185e+01
-1.053733739744265652e+00,1.251939021287717146e+01
-3.265987028423030125e+00,1.327231922080994053e+01
-2.505029317625004026e+00,1.548516904616580447e+01
-3.624823297236803299e+00,1.168842895371841273e+01
-4.179946016514575646e+00,9.234374777563964187e+00
-5.932502322882328372e+00,1.295627927575811711e+01
-4.403116453499398730e+00,1.607787019073472123e+01
-8.203746560361921070e+00,1.327511491776880881e+01
-5.391579876249077863e+00,1.165912207900272435e+01
-4.826117107279724650e+00,1.148074296143379591e+01
-1.826084886404284902e+00,1.144150289008493182e+01
-2.496908590963607288e+00,1.382379999311478613e+01
5.514572238148973682e-01,9.677077951238109321e+00
-2.686643581803723535e+00,1.007739159819749197e+01
-3.509038165142978283e+00,9.548489182626553884e+00
-4.944875671351592672e+00,1.110262431492642854e+01
-4.205358448720232012e+00,1.465885500944981246e+01
-2.348160393793513379e+00,9.154246766550484082e+00
-3.993718976489819994e+00,1.156665820905358011e+01
-2.877874390175497510e+00,1.265770263671183926e+01
-2.991835692094382715e+00,8.497599992199674546e+00
-3.553752346274079432e+00,1.091771310770876369e+01
-2.393997215217589236e+00,9.663637243222488848e+00
-4.188160313461883888e+00,1.164225127993979392e+01
-1.495862450831885404e+00,1.271794198950943056e+01
-7.176653432407195332e+00,9.488409118118399377e+00
-3.940354071150607762e+00,1.421848730335409527e+01
-3.258470767076340202e+00,1.246725143339631714e+01
-2.763655889381935626e+00,9.467923134016471565e+00
-4.069293493522673444e+00,9.486913105180878603e+00
-4.517760930543419207e+00,1.096726968013556736e+01
-5.345675158600613486e+00,1.351922690034292529e+01
-4.586350524127829509e+00,1.589596948543170996e+01
-4.376590733709325498e+00,1.128185241099698999e+01
-7.073104699941206164e+00,9.070983905406464487e+00
-4.914192749087491485e-01,1.065434799825756684e+01
-6.039851667343134167e+00,1.406107830284134863e+01
-1.433102453165089329e-01,1.534614124041208427e+01
-3.425247094244352475e+00,1.144786332933543349e+01
-3.165100238747787120e+00,1.229300189338650107e+01
-4.968275206219744611e+00,1.310895361109562351e+01
-5.880605029228487268e+00,1.118134427991064328e+01
-4.631217523228613686e+00,1.017021074166561334e+01
-3.046411320025661063e+00,1.456421570985609470e+01
-3.792587316947947595e+00,1.192405114277335443e+01
-4.844171766060338946e-01,1.176741670719434474e+01
-5.493726798176783888e+00,9.174354214448595002e+00
-2.835960585191005023e+00,1.242160364653853932e+01
-4.685654467412749824e+00,1.075785104520741697e+01
-9.729179273106134396e-01,1.177091632257625697e+01
-9.967678763125147334e-01,1.140448282197461083e+01
-4.723614083618562276e+00,9.449008049643337515e+00
-3.310039334953346124e+00,6.810096514987733052e+00
-1.892421447186946271e+00,1.267167783690519656e+01
-6.782798367890993774e+00,1.213261421591789002e+01
-4.132011044812935907e+00,1.236026279039418796e+01
-1.424762440371544869e+00,1.313669307132030539e+01
-3.749435460848109081e+00,1.460425152897293977e+01
-6.175796253712401374e+00,1.012766540932896042e+01
-2.165541936768185405e+00,1.071331284479114210e+01
-9.651679738770133632e-01,1.386320652243285245e+01
-4.133188882854986979e+00,1.341403002079150575e+01
-4.364368017755158924e+00,8.846737489328285520e+00
-5.657084293834667932e+00,1.341027047109900749e+01
-4.893463965387835124e+00,1.039888225414876644e+01
-1.201088499825751388e+00,1.153178545730812843e+01
-5.039797742779443368e+00,1.196494961192049722e+01
-4.951854583515689079e+00,1.435862893766560155e+01
-3.224968136342683867e+00,1.326264471301036529e+01
-3.408689530466993745e+00,1.323615593577213190e+01
-5.319078633101369746e+00,1.098666710892602971e+01
-3.164209532006072578e+00,8.669024586929502618e+00
-4.435177123033698265e+00,1.151768054897473270e+01
-6.365517260803933652e+00,1.244891584016150965e+01
-4.927191276633731576e+00,1.054182454338354091e+01
-1.196099488980902681e+00,1.491592357087641574e+01
-4.506349027359229709e+00,9.883708330027319633e+00
-2.936173855806977873e+00,1.417469228769922651e+01
-6.804264497989033877e+00,1.104211151663296242e+01
-6.840463993004455290e+00,1.286364248103277319e+01
-5.302332718922308175e+00,1.363866339927825067e+01
-6.678993554927121323e+00,1.311378942129312364e+01
-2.684028047684263729e+00,7.796106663875024267e+00
-5.958919245687879673e+00,7.126861885967125332e+00
-3.394826426244054840e+00,1.197193998026562944e+01
-2.025391409890339389e+00,1.696122677506402709e+01
-3.805086055620085617e+00,1.243905611534050237e+01
-2.063510598664761275e+00,8.892092551450280880e+00
-2.253167149957476134e+00,1.428982781279455416e+01
-2.261470347861893160e+00,1.190964743029389794e+01
-4.347181500014905886e+00,1.407280740033498034e+01
-5.594640944508205038e+00,1.407354541598567721e+01
-2.943342793328123541e+00,1.064917269798544197e+01
-1.122323387483026291e+00,1.403656800624948708e+01
-3.499616743371200656e+00,1.250184705857296485e+01
-4.151763389454000475e+00,1.406969339262872865e+01
-2.182674346017579481e+00,8.978960797039437836e+00
3.745706562722634914e-01,1.157443112677644059e+01
-3.065050558851643903e+00,1.397993004791847582e+01
-4.525462854379620481e+00,1.368283561708352281e+01
-5.182364464241759450e+00,1.110111483741423832e+01
-1.274659067994203809e-01,1.281971580985742776e+01
-4.546363966440271298e+00,1.357751909194944950e+01
-5.300507235632816005e+00,1.573095700699379762e+01
-4.854148430102960710e+00,1.225817757544558440e+01
-5.505491741349288759e+00,1.386731330296595921e+01
-4.915788642939583397e+00,1.114561503497121997e+01
1.503617572737080188e+00,8.884109224699427543e+00
-4.844221954360843796e+00,1.663377580009586154e+01
-3.967383512834419257e+00,1.179165962055216532e+01
-3.485167698186453222e-02,9.645914115058159766e+00
-3.645349422383709292e+00,9.718184662395085383e+00
-1.203912170701391560e+00,9.325280695185206525e+00
-3.849965753251416878e+00,1.436133008856007187e+01
-8.033455055877718465e+00,1.296262125564942380e+01
-1.374998361368426458e+00,9.511102750189516897e+00
-3.479509188068567571e+00,1.135008477691389217e+01
-1.480934336273814100e+00,1.195919589069739786e+01
-2.048380658713204294e+00,1.284465404385705334e+01
-3.642931080852385151e+00,1.202814915816281527e+01
-5.240270657400606602e+00,1.200969159664487229e+01
-3.832088228978710820e+00,1.281942980086861539e+01
-4.614148177100785730e+00,9.968985731341208023e+00
-4.244960669910884832e+00,9.617100687535895531e+00
-5.651203081348763924e+00,1.246367315147549704e+01
-3.633839605059776101e+00,1.179752856383962367e+01
-4.515270918390917210e+00,1.363904537465126232e+01
1.940338807305161950e-01,1.123956739416591688e+01
-1.210545326307508329e+00,1.472913116574013870e+01
-4.116574677221736422e+00,1.300787665199065124e+01
-9.685042919964335084e-01,1.064973565986187509e+01
-4.552216564118668707e+00,1.434250120675079287e+01
-1.097577580206062997e+00,1.329949335609034655e+01
-4.618489385854401164e+00,8.925972519235592983e+00
-9.557495146782932771e-01,9.361920446109081695e+00
-8.782612813753218894e-01,1.232902562899011656e+01
-1.174035514891413445e+00,1.166304230701371480e+01
-4.755986588282841154e+00,1.298195589618675250e+01
-6.360500070465255007e+00,1.501792992224369527e+01
-5.117688353143948987e+00,1.240404195158546585e+01
-1.416916919128583974e+00,1.180756358659732008e+01
-3.601196981991188206e+00,1.078962214964574962e+01
-4.336347158434360693e+00,1.225943685876900702e+01
-4.836572090635669063e+00,1.224981109278513891e+01
-2.703545215898647047e+00,1.495754025764022721e+01
-3.142275517458661405e-01,1.082638321129724090e+01
-6.451877043423065672e+00,9.684113134031200332e+00
-5.494558174900554093e+00,8.589630651385540716e+00
-4.076067682675338588e+00,1.052186833589590620e+01
-1.906278882827481258e+00,1.217814778386728847e+01
-9.388100760807864376e+00,1.236229022151916723e+01
-3.044469849145413409e+00,1.220531868583169022e+01
-5.224559753356354364e+00,9.871607071594329597e+00
-3.298557378592470890e+00,1.279288422069605247e+01
-5.955224902101473816e+00,1.109515538380007627e+01
-2.398230657071110272e+00,1.245698000209510958e+01
-6.217767948648051046e+00,1.201313323750462558e+01
-4.328550649495474190e+00,1.049301903646294143e+01
-2.849779856201155148e+00,1.250258578039106183e+01
-3.822662733136272806e+00,1.460208361510973774e+01
-3.498192617499356061e+00,1.061221362511077970e+01
-4.251569447247762312e+00,1.437844304339725454e+01
-3.239957789495937490e+00,1.506137684266921539e+01
-7.916143097746575208e+00,1.281464971128374408e+01
-2.877800790869265324e+00,1.236167492962295000e+01
-3.782740511514117721e+00,9.155470038864626403e+00
-4.063503775558935160e+00,1.321315853772409099e+01
-2.888567594265817995e+00,1.197399544139372551e+01
-3.070379514828464274e+00,1.107062793898032993e+01
-3.424602877083277708e+00,7.622817571362731748e+00
-7.854775384708906572e+00,1.255087697334868224e+01
-5.499033648796151752e+00,1.058748590338894147e+01
-7.130892780428633060e+00,1.446787677532527638e+01
-4.440766020956639082e+00,1.130258263341910130e+01
-4.871744398342619853e+00,9.762721087190454838e+00
-4.412451808608871318e+00,1.296832565868027487e+01
-5.339356931459113831e-01,9.952977193453991234e+00
-3.373558287727360216e+00,1.142288518521409380e+01
-5.501125429819711421e+00,1.246378171676608737e+01
-1.201277905729910778e+00,1.258338176887360760e+01
-7.779455128244309847e+00,1.451359084969716307e+01
-7.688976079100288352e+00,1.324966970587357018e+01
-7.222839420644644903e+00,1.279822888018134996e+01
1.402015120000447368e+00,1.586982908336378628e+01
-6.932665292985070948e+00,1.116897494557883341e+01
-3.652502847023595844e+00,1.576421332012531806e+01
-1.105269263649310219e+00,9.905933268810791503e+00
-4.933307080237705478e+00,1.022398868882474687e+01
-3.540196886393502496e+00,1.106898199861143084e+01
-5.518761310916532992e+00,1.009876271885869237e+01
-3.136699245537908354e+00,1.389842764296088085e+01
-3.554633700416842235e+00,1.231722950932575422e+01
-2.989466185212685367e+00,1.160882459327089755e+01
-4.169477962505755642e+00,1.255138928582540814e+01
-3.676194399589231221e+00,7.756260681755495767e+00
-4.548916340575928530e+00,1.117812427925663066e+01
-3.422870362809946609e+00,1.222712537174810876e+01
-4.055556286410791245e+00,1.064423993059248197e+01
-5.347076268120819265e+00,1.020634318896509640e+01
-4.817035004709130597e+00,1.424770466586193862e+01
-3.246786025413218368e+00,1.093227628628467052e+01
-3.279659486322448636e+00,1.433970637912798907e+01
-5.272625741440051250e+00,1.105353025048713711e+01
1.052890264117261054e+00,1.314392611330315219e+01
-4.542015963146238455e+00,1.034991463146842783e+01
-4.902571810324333867e+00,1.295511761945103757e+01
-5.566098575618238620e+00,1.265782416910900920e+01
-3.151845821300749861e+00,9.292332425353968972e+00
-6.457510328018636336e+00,1.795071218527728973e+01
-9.281092320081768321e+00,1.119392559224620776e+01
-2.979781732453425036e+00,1.215831691177632301e+01
-1.480395207751039610e+00,8.136770050952305766e+00
4.984395183710219612e-01,1.445359958503280495e+01
-3.305955940753241507e+00,1.560232115708042855e+01
-2.043842096610966497e+00,1.186730196653141611e+01
-4.466305479636084819e+00,1.515273239278830175e+01
1.599290491419766980e-01,8.925502143003491540e+00
-3.496934317242586854e+00,9.989726513048312384e+00
-4.081906946328914820e+00,1.140011646245114640e+01
-2.887920057589943745e+00,9.582354429012660546e+00
-3.678695506490897937e+00,1.502028923684701667e+01
-5.478263664880571149e+00,9.423372960258049602e+00
-5.651464611313810948e+00,9.683953019289923247e+00
-6.606327424379514923e+00,1.183628126710539874e+01
-7.128486893593069418e+00,1.310264057654775094e+01
-3.034739505121833325e+00,1.625206712469555015e+01
-2.865305668794311256e+00,1.249369757675030534e+01
-4.954312879701411099e+00,9.014432150592153192e+00
-4.075648376761297875e+00,1.259236526019256353e+01
-4.788482881687679438e+00,1.334843557369106293e+01
1.633740992600038133e+00,1.312073415851532232e+01
-4.291450366901677249e+00,8.904742136802028085e+00
-5.738791950104319639e+00,1.452607450662985222e+01
-2.548332438944072909e+00,1.401043446811620541e+01
-4.351095635963179831e+00,1.112933371386362325e+01
-2.284917297331265473e+00,1.369875431574774005e+01
-6.432409442525544918e+00,8.524623604749503869e+00
-2.528760500094617392e+00,1.391953287910783033e+01
-5.912903908193170466e+00,1.367717082125888872e+01
-5.715879883367186665e+00,1.246513751669565906e+01
-6.324049580664157233e+00,1.526625199887210727e+01
-3.196034349704758526e+00,1.261509539651701317e+01
-2.260851552788040841e+00,1.551525529374942813e+01
-2.502699294433376132e+00,1.071720144917470208e+01
-5.134232957452556256e+00,1.368257516256783290e+01
-5.454843312596540095e+00,1.290505880209676270e+01
-6.338769551842927896e+00,1.610119759184174271e+01
-6.034501701744819258e+00,1.498501986493508298e+01
-3.991936939602218182e+00,1.390365625190150745e+01
-2.625928848227419010e+00,1.154209596330270315e+01
-1.159445375943830570e-01,1.286262076322455883e+01
-6.734330541860436448e+00,1.024215721396316425e+01
-4.257441118531039237e+00,1.133718812872630188e+01
-2.217886517570164528e+00,1.298812306167244657e+01
-5.546416959257811641e+00,1.212891558372088952e+01
-6.897998057498993418e+00,1.149157973433842272e+01
-3.796361110034251141e+00,9.025618670689349088e+00
-5.776425696339943627e+00,1.454279428204769431e+01
-2.969716474382299687e+00,1.436628144882737779e+01
-5.951547019110815739e+00,1.034008217330278256e+01
-4.421291448784566924e+00,1.045307326479265697e+01
-1.896970466889953855e+00,1.100067411305368381e+01
-4.665357113940892475e+00,1.742719148113850025e+01
-4.775193649100534898e+00,1.217564921804586930e+01
-5.689638633164753045e+00,1.222794056678286090e+01
-4.042718177994084172e+00,6.526699257918534336e+00
-5.042144171040629175e+00,1.343159006291416802e+01
-6.682009332563389137e+00,1.157385844403980180e+01
-7.503960989534677495e+00,1.265340899329028090e+01
-9.604286435655731147e-01,1.215174527787908509e+01
-4.050341998740325522e+00,1.033799050455305135e+01
-2.697018753777373767e+00,1.109432161330367883e+01
-3.228643177473621062e+00,1.191796083134931372e+01
-4.293892121189255562e+00,1.192598752962612352e+01
3.044153839628824798e-01,1.226305722059992753e+01
-4.420302626699424309e+00,1.667100639227491143e+01
-1.097796660369776056e+01,1.393770726347213440e+01
-2.658415397250022405e+00,1.545863880141010682e+01
-4.832575401086266709e+00,1.375286165093842072e+01
-3.480339659371061600e+00,1.235272098824304798e+01
-5.829293882976842589e+00,1.390859132368962392e+01
2.837568691010616817e-01,1.032726003355979927e+01
-4.797514483758993364e+00,1.430738090229120019e+01
-4.090111351295383280e+00,1.191685571192107673e+01
-3.720602744450404842e+00,1.231564328772727812e+01
-3.516386156521689177e+00,1.510843721281003127e+01
-5.314935778080672080e+00,1.293738619227007369e+01
-5.535934603687403310e+00,1.218699343977331750e+01
-3.218236495696578991e+00,1.375331867595136615e+01
-2.608564250876740598e+00,1.187402074348200820e+01
-5.421266890438663388e+00,1.239223558217774190e+01
-3.474493223077326221e+00,1.179689948309491143e+01
-7.769391669051499250e+00,1.245392090149836051e+01
-4.228316875127028140e+00,1.304292480716805969e+01
-3.445421427078270593e+00,1.277472508312208177e+01
-3.211878931481898292e+00,1.824751561849614134e+01
-2.713905951663689642e+00,1.226276270980689809e+01
-6.607642152224569188e+00,1.017774366922327722e+01
-8.251738109518552022e+00,1.598052532597313302e+01
-7.746658525844595466e+00,1.261595415820317356e+01
-6.478545327934423170e+00,1.255875048251607851e+01
-2.495560861829382304e-01,1.556466033753947187e+01
-1.404947224777992787e+01,-3.432006832753790704e+00
-1.252710388790398355e+01,-5.479942233611126312e+00
-1.217669827466470522e+01,-8.744253404896625170e+00
-1.114519325662191029e+01,-7.337649168853037196e+00
-1.521484929641781036e+01,-5.481538302361483872e+00
-1.363524351430046089e+01,-6.245639809013074029e+00
-1.592701958715573696e+01,-3.706879403114326621e+00
-1.499208334297368417e+01,-3.652043338833023789e+00
-1.290700928469533260e+01,-4.129847774938349758e+00
-1.243460013069771364e+01,-5.613637104588980797e+00
-1.259318947253916221e+01,-5.218684601642201493e+00
-1.276449749246710930e+01,-3.118383221495714785e+00
-9.847454585312462427e+00,-5.591075248720487778e+00
-1.470009532167274635e+01,-6.177233391478107905e+00
-1.378840557931246735e+01,-4.083334406528897453e+00
-1.010765177491915701e+01,-7.831282077560773658e+00
-1.131931507348190991e+01,-5.841435222205841882e+00
-1.287961506409016721e+01,-4.298660855909642642e+00
-1.218713406277703371e+01,-3.727474999182656568e+00
-1.067015889184635924e+01,-4.177894171626898689e+00
-1.523991670593602166e+01,-3.291492612136967644e+00
-1.162557408409419679e+01,-5.477139286844850297e+00
-1.345933484062286922e+01,-4.146649842076887360e+00
-1.160656243509165186e+01,-4.930136891596880844e+00
-1.302159919768252117e+01,-4.752933793720822031e+00
-1.238846426956706104e+01,-4.656458549298209348e+00
-1.492284526575874182e+01,-5.195779799159744528e+00
-1.318325655025951448e+01,-3.040221278875764988e+00
-1.345804459521768237e+01,-7.609047415218434196e+00
-1.103172365357637652e+01,-4.221652161896003008e+00
-1.142646603555373908e+01,-4.641782301149971701e+00
-1.150425346764884438e+01,-5.536454273307100493e+00
-1.147601025663361973e+01,-4.637039332543070103e+00
-1.149183420687764645e+01,-4.334328775607452222e+00
-1.320571535953530784e+01,-2.142776225118771194e+00
-1.510598818937575061e+01,-4.433398007872655811e+00
-1.401183998820918930e+01,-6.703917681481731172e+00
-1.168614700587814603e+01,-5.911909640646847208e+00
-1.390907068327742380e+01,-5.266859858668132333e+00
-1.212373831460593365e+01,-6.521050734166340845e+00
-1.236305417033305076e+01,-5.893448486507670836e+00
-1.285068417368440841e+01,-3.016928976313683286e+00
-1.235244750767844657e+01,-3.932826742208971993e+00
-1.221860633342578950e+01,-5.562907839954546851e+00
-1.304926096135680602e+01,-4.155605894591528404e+00
-1.277300141328949223e+01,-6.526733784730543775e+00
-1.430454361392756724e+01,-5.336594315197636718e+00
-1.131828308033426289e+01,-6.207015709569570383e+00
-1.299119758217947229e+01,-4.924299339414604404e+00
-1.187004784199701390e+01,-4.526155038729291036e+00
-1.108548715516840666e+01,-6.604297217830510824e+00
-1.150777177106096616e+01,-6.760637656333651435e+00
-1.193290307654274685e+01,-4.946671927445943417e+00
-1.457238980279999652e+01,-3.407219628013253843e+00
-1.562250443408489531e+01,-3.035666369774781437e+00
-1.231289119549985323e+01,-4.869912268661281907e+00
-1.066626791864419843e+01,-5.199801396587307778e+00
-1.489571917005386581e+01,-2.990931992525173388e+00
-9.408629228761418162e+00,-6.794215797745971841e+00
-1.318669356935491699e+01,-6.981408802300985705e+00
-1.179490907638055930e+01,-4.381128982289193452e+00
-1.219551540958689273e+01,-7.258480478146713821e+00
-1.467577446087828363e+01,-5.768297393940469142e+00
-1.537578047524620217e+01,-3.318566442158137342e+00
-1.113181382198008684e+01,-6.272813808073482100e+00
-1.109530013883096800e+01,-5.266047710672177473e+00
-1.184180275956677519e+01,-6.954777865559701233e+00
-1.275058045166439769e+01,-5.535004547654654772e+00
-1.143909900506350930e+01,-9.810190616792164420e+00
-1.311465502982968090e+01,-4.098197007754095011e+00
-1.582901709998827577e+01,-3.725494969553548419e+00
-1.195265045017444372e+01,-2.191231704676948056e+00
-9.764557741441578287e+00,-6.335666038840767733e+00
-1.529957259650186074e+01,-6.201777009278184316e+00
-1.407838447103810253e+01,-2.232923734553711625e+00
-1.333601534444780334e+01,-3.372725429983549184e+00
-1.368646826773398217e+01,-7.601608656231883643e+00
-1.071227440967578737e+01,-7.291158824678426242e+00
-1.196056542598007510e+01,-5.655173369135232164e+00
-1.425856685728330753e+01,-4.263196670030265700e+00
-1.658428848333326400e+01,-2.993121780707995505e+00
-1.342224890824488170e+01,-3.518618638222808848e+00
-1.578508140274281146e+01,-2.525202261535690607e+00
-1.402136541406347980e+01,-3.534680265836780855e+00
-1.243250237821833615e+01,-5.915717756170526975e+00
-1.193123152029425604e+01,-3.638259721942858960e+00
-1.275685181396560353e+01,-2.090459538073345502e+00
-1.489464425082850596e+01,-3.682248813663620446e+00
-1.449836703863925536e+01,-5.693494138898975265e+00
-1.156773050022595761e+01,-4.921873244763867561e+00
-1.374849477854776048e+01,-4.117156893694230213e+00
-1.451747390693080852e+01,-5.741402762207296284e+00
-1.127237123392554530e+01,-7.906660607027784948e+00
-1.535716576760410135e+01,-3.319690903050677822e+00
-9.103166024312603355e+00,-8.959340916946199940e+00
-1.237505797857278367e+01,-8.289392458402033981e+00
-1.180162594639252127e+01,-3.648640552574791585e+00
-1.303094101592453491e+01,-6.172612967475954449e+00
-1.405081359078909209e+01,-2.747230696402749750e+00
-1.207910533504527706e+01,-5.872757604447143898e+00
-1.132726620858244893e+01,-7.104610707124311197e+00
-1.420949387459602775e+01,-5.007672486764759512e+00
-1.136441586120579927e+01,-8.355712952086928880e+00
-1.151960178501780696e+01,-4.508941190039917224e+00
-1.450988070971124699e+01,-3.443507077786884807e+00
-1.009899621246062473e+01,-5.983743463353452974e+00
-1.091324534627217169e+01,-7.411639430267768169e+00
-1.277579123387273796e+01,-5.768322342940443548e+00
-1.336434079743017911e+01,-5.546450694677607984e+00
-1.277633338374812588e+01,-6.354392761475267548e+00
-1.298034077698799216e+01,-5.434186028601327045e+00
-1.352412148695407978e+01,-5.270867211502372029e+00
-1.135402733035625289e+01,-5.541447704396775364e+00
-1.290169865924911186e+01,-3.983798641958279596e+00
-1.259857225958316107e+01,-4.546992055139851274e+00
-1.050158775092419461e+01,-8.196326811902057585e+00
-1.366077910543951113e+01,-7.888480102175932984e+00
-1.556461991260252020e+01,-3.633120729935904514e+00
-1.149035258870540410e+01,-7.211054046939938900e+00
-1.356133580585490073e+01,-5.894707843287874560e+00
-1.141068073876557420e+01,-4.661552097176227427e+00
-1.522368316654322307e+01,-1.926886243614770233e+00
-1.344160602683881933e+01,-2.305456467492778216e+00
-1.236567953417126375e+01,-6.682421918147619877e+00
-1.189286402372156992e+01,-7.361079018764893789e+00
-1.366009073732532109e+01,-3.809351587142201900e+00
-1.454032014858653987e+01,-4.805235997919631963e+00
-1.237513836033568992e+01,-6.006706892505096818e+00
-1.317611899572309575e+01,-5.006373721358760243e+00
-1.360266716301487833e+01,-2.223081675746017449e+00
-1.174295658369207906e+01,-3.710632685784199136e+00
-1.301888820424794169e+01,-4.065939640347383310e+00
-1.422266485640312794e+01,-4.184030365805829987e+00
-1.142847789737992059e+01,-6.409831650140707993e+00
-1.373932939639666451e+01,-6.305451909404084176e+00
-1.405181526582392237e+01,-2.334709704329644087e+00
-1.249659349888399795e+01,-5.766668117759619960e+00
-1.227975996209395859e+01,-4.085644208569219060e+00
-1.469221884702358416e+01,-3.616422912797286227e+00
-1.419668431579201062e+01,-2.577780930166504447e+00
-1.277129601477103549e+01,-3.816290594889623300e+00
-1.106748466785439433e+01,-5.663893429628984677e+00
-1.042457556828207643e+01,-5.740752038937490198e+00
-1.577908277060119069e+01,-2.584580290077425069e+00
-1.525700804157903612e+01,-3.410017707049891822e+00
-1.284628235156154119e+01,-3.458914518930831683e+00
-1.172338937466405184e+01,-6.827968011663450909e+00
-1.579715091370392344e+01,-5.919398006147423175e+00
-1.395018522429440644e+01,-4.814523971511996514e+00
-1.191305405387837091e+01,-5.923777143937914325e+00
-1.233302059717061816e+01,-5.031615931566291167e+00
-1.209068868176010270e+01,-4.645016534581201562e+00
-1.206763523086747014e+01,-4.800167750572187586e+00
-1.105213621100577903e+01,-6.248657098703942481e+00
-1.630606032388644877e+01,-2.850256607684705568e+00
-1.374731759145062782e+01,-1.770137886528614590e+00
-1.201994800286959908e+01,-5.009909977639150469e+00
-1.182507565050427800e+01,-4.912333151381470309e+00
-1.208226825488853606e+01,-2.538345042061828760e+00
-1.037964392862642882e+01,-7.952613054604285026e+00
-1.514808864214121442e+01,-2.704699353625754199e+00
-1.458204976493701999e+01,-4.877893805299392760e+00
-1.501875620847905779e+01,-5.023387609146682031e+00
-1.350678382774828101e+01,-4.798088891668367495e+00
-1.409956267090242577e+01,-5.896755997174869535e+00
-1.277358321009502262e+01,-6.303224038878501467e+00
-1.497714730978170117e+01,-4.647718762057321484e+00
-9.105358668062597971e+00,-7.613668348490870486e+00
-1.183830293856818372e+01,-5.895178751254643856e+00
-1.251043591660235421e+01,-3.280442834750274539e+00
-1.567940088000405474e+01,-3.673682411707845485e+00
-1.236001186165583654e+01,-5.053985061563314396e+00
-1.262554589856015674e+01,-5.984959335089754973e+00
-1.544875683538760924e+01,-2.321113653564264023e+00
-1.172597599551403391e+01,-6.372302053545952027e+00
-1.397806025628099746e+01,-6.025915537084408413e+00
-1.272230558698616676e+01,-4.532054162109646178e+00
-1.376373256553145197e+01,-5.537906047122466369e+00
-1.267517037278022229e+01,-5.013311739684910506e+00
-1.312076381250277102e+01,-5.330688891166965426e+00
-1.582117865898651132e+01,-3.947978654700513790e+00
-1.286522214594620728e+01,-3.093281849540717054e+00
-1.280605209069028128e+01,-6.020529845463403973e+00
-1.480968853263645713e+01,-2.466022800294981110e+00
-1.301251228251490666e+01,-8.090625325846907856e+00
-1.279138446282362729e+01,-5.508992533806958747e+00
-1.389783266988777655e+01,-3.606453654244360152e+00
-1.423053312523403235e+01,-3.647134827303707194e+00
-1.226687635440751301e+01,-5.777287106706023856e+00
-1.311883168617842799e+01,-3.917888218275275669e+00
-1.276814862561121799e+01,-4.078532628998893905e+00
-1.385784763963856037e+01,-4.438762783264043499e+00
-1.108116538309613119e+01,-7.270155148205652118e+00
-1.271667258871183215e+01,-3.849534697606752598e+00
-1.276393271500029414e+01,-4.359914345623916887e+00
-1.618029530295724783e+01,-2.382660589627030312e+00
-1.020959417535681091e+01,-7.097710586964847579e+00
-1.167352483137965891e+01,-7.832286667071577391e+00
-1.452458096322884984e+01,-1.406721990208266604e+00
-1.325620103792150317e+01,-3.451169699082385911e+00
-1.224828097378558311e+01,-4.403810061560102795e+00
-1.084223954819091951e+01,-5.904773323511977701e+00
-1.329566895983442443e+01,-3.595521460808819292e+00
-1.279204055195985035e+01,-7.344250897082345020e+00
-1.212462686520913024e+01,-6.290352734479840890e+00
-1.477875754799954855e+01,-3.479839107501033979e+00
-9.881569706819780308e+00,-6.476495614284901947e+00
-1.019061390570677972e+01,-6.400759529150293226e+00
-1.413350903602694508e+01,-5.589860936076578746e+00
-1.366212258415314729e+01,-4.650111271167155280e+00
-1.060549661355766382e+01,-7.870915751470668908e+00
-1.061440559534835160e+01,-8.133322922846437208e+00
-1.415904538551035863e+01,-3.820308668668343177e+00
-9.942218762210540461e+00,-9.139888485345130320e+00
-1.090561102709747132e+01,-6.924706561855940024e+00
-1.347823142499584392e+01,-4.158624891035286097e+00
-1.212470099743881669e+01,-6.870558851472390316e+00
-1.143871552802942304e+01,-4.864488160516633464e+00
-1.287776854902497270e+01,-3.614988062458524443e+00
-1.473171853710090851e+01,-3.573531170482436181e+00
-1.207940943157163360e+01,-4.931457710956377305e+00
-1.207601307040553351e+01,-5.326184202534608225e+00
-1.571052402551540439e+01,-4.377027377021462051e+00
-1.493712979426142873e+01,-4.336285114539375485e+00
-1.175239248133146930e+01,-7.772926182312999366e+00
-1.153152302837937171e+01,-6.738425713816389440e+00
-1.386331708869475499e+01,-5.252041463854446590e+00
-1.400361004548652843e+01,-3.483746441918209147e+00
-1.414598793552354650e+01,-6.150446838171681918e+00
-1.185707659937945202e+01,-5.247095252329007309e+00
-1.355664229026542955e+01,-3.138906295436288740e+00
-1.430094846234827699e+01,-4.403426670095138995e+00
-1.031045127993708199e+01,-5.051677348660835953e+00
-1.251006063863863815e+01,-5.521610412309691185e+00
-1.206061341250983965e+01,-5.539537322554509480e+00
-1.358656143120988347e+01,-4.079838438587173322e+00
-1.368196652290575699e+01,-4.265458973854673985e+00
-1.000278182260215409e+01,-8.067662878616470579e+00
-1.538518537227906435e+01,-1.583266314056424040e+00
-1.188603920194169916e+01,-5.027661173213870960e+00
-1.359307266709093476e+01,-6.434405585923894222e+00
-1.286846394874198118e+01,-4.027285995606293412e+00
-1.401979828830276276e+01,-3.263016692660464013e+00
-1.392327956148660917e+01,-2.848596325465443169e+00
-1.222897819966489941e+01,-3.349146399217002301e+00
-1.529501248721821582e+01,-6.130470499032917076e+00
-1.162707024720822346e+01,-5.786065897861704777e+00
-1.290622890516911525e+01,-3.631433276460912296e+00
-1.337554512622689984e+01,-2.405549222590282366e+00
-1.293712055026042940e+01,-5.246723883447883985e+00
-1.444604799608181089e+01,-3.817803064786383871e+00
-1.501108110829651388e+01,-2.717398773764645004e+00
-1.539882823499370090e+01,-2.115707313828144365e+00
-1.218877192798388442e+01,-6.330713741268453987e+00
-1.435035273924799526e+01,-3.046283747548232057e+00
-1.147661827419029024e+01,-5.036501324960842574e+00
-9.930711726311630017e+00,-7.993530016910382230e+00
-1.538435975789557375e+01,-1.370412603006284424e+00
-1.283295712249767817e+01,-4.339514493037796683e+00
-1.099959953364706777e+01,-4.986593394953395375e+00
-1.730758170945849272e+01,-3.036271733860775424e+00
-1.345594100720874842e+01,-2.855472898769942702e+00
-1.318482530289363197e+01,-5.057016451058956363e+00
-1.417092774825327517e+01,-5.000833603090128143e+00
-1.326185331053195604e+01,-4.631406843887833524e+00
-1.333063143915276427e+01,-3.806598460123097105e+00
-1.322963415688174926e+01,-6.918716400415634737e+00
-1.283537960498195929e+01,-5.218731692800218092e+00
-1.223988535631497498e+01,-4.549131215117287574e+00
-1.326076655850401842e+01,-5.583411245929671196e+00
-1.154379961741362237e+01,-6.412001844321138400e+00
-1.146686361768420781e+01,-8.085301455780754765e+00
-1.340213290341187502e+01,-3.664791215677590586e+00
-1.129661029990263721e+01,-7.898534455958530209e+00
-1.212239520101557311e+01,-4.454075683820763132e+00
-1.435372770943444465e+01,-2.307637427844884126e+00
-1.219306053539988710e+01,-3.030699083564880603e+00
-1.291146341170591150e+01,-4.057680113158742330e+00
-1.363623957246298701e+01,-4.339348126263984362e+00
-1.191566889008977270e+01,-3.690131377505696086e+00
-1.384271628915211139e+01,-4.666115172927455035e+00
-1.475011976191063923e+01,-3.029811414633950761e+00
-1.339429297289634668e+01,-2.625502504878649113e+00
-1.218556687089000334e+01,-4.391236808016556026e+00
-1.183933398477631727e+01,-4.750121587663715061e+00
-1.351107564642143188e+01,-6.285783342140848440e+00
-1.268776207924766908e+01,-5.125710205198592107e+00
-1.299587551850845024e+01,-3.205325248114593517e+00
-1.139941205424074155e+01,-8.048710348319595198e+00
-1.261430990210032022e+01,-5.082050836376138747e+00
-1.317105699324232404e+01,-5.532848474627602542e+00
-1.157821954064464975e+01,-4.470656773918310734e+00
-1.375427819860689560e+01,-3.835468046147642696e+00
-1.201557476899666455e+01,-3.206000173804213205e+00
-1.221064841490603570e+01,-5.577653895526517580e+00
-1.257389507448152166e+01,-6.118253248779935483e+00
-1.292303142036298880e+01,-5.619760103880610203e+00
-1.463472532062952780e+01,-5.538434130198947258e+00
-1.280639336357376834e+01,-7.204515220034242162e+00
-1.247981927218747700e+01,-4.372775552560115742e+00
-1.287753001803719144e+01,-5.104079146956692625e+00
-1.367570306945682290e+01,-6.335270723664268466e+00
-1.203057842889581863e+01,-4.620096182943306928e+00
-1.415082390854398398e+01,-5.008181865381734710e+00
-1.402614484284804952e+01,-1.982210671227728760e+00
-1.515049013826246593e+01,-3.678506200547343674e+00
-1.256799857465360049e+01,-6.034608369619298252e+00
-1.421757541629483157e+01,-6.133678356657474851e+00
-1.351008289117620365e+01,-3.349803678324413170e+00
-1.438311434279287582e+01,-4.721421833842137872e+00
-1.167724145199822772e+01,-4.546212880661738787e+00
-1.211714977983120534e+01,-4.328512309754818155e+00
-1.481978550126422078e+01,-4.266685733884360232e+00
-1.098282186306157016e+01,-7.338087017476411233e+00
-1.141270054666300737e+01,-3.423294416242066873e+00
-1.279845273160036001e+01,-5.024535384553905359e+00
-1.311548809445472052e+01,-5.022005188212981253e+00
-1.199375990807415526e+01,-5.002975226292978306e+00
-1.326557387686053247e+01,-3.107097623592352420e+00
-1.150231154897152130e+01,-7.334048416985295304e+00
-1.055488999548863305e+01,-4.029005219071930100e+00
-1.347414078758992417e+01,-3.380789641294797754e+00
-1.394986710844155020e+01,-3.291016545182441355e+00
-1.394222884996932521e+01,-4.676081424668827147e+00
-1.404237896863870105e+01,-8.006711985361334882e+00
-1.246985360473506788e+01,-5.327515612737355077e+00
-1.462743157247524906e+01,-3.794783076984051817e+00
-1.166614272476179259e+01,-5.818256435023171136e+00
-1.168047338665483537e+01,-4.645498894257416467e+00
-1.132815976703931504e+01,-5.664392991306384850e+00
-1.270606825038739096e+01,-4.431417297283934076e+00
-1.435205338882447101e+01,-5.100435098235244880e+00
-1.305509312366545061e+01,-4.271574842582531062e+00
-1.508928182696804043e+01,-2.141675275145734414e+00
-1.200043502412466800e+01,-5.939631585946823833e+00
-1.234839750612540676e+01,-4.482603166161466035e+00
-1.241835141010826149e+01,-3.580894733896076598e+00
-1.051422672676917358e+01,-7.780458473379614048e+00
-1.072683498537166003e+01,-6.333839943038034548e+00
-1.459967517147934934e+01,-3.503668090873640839e+00
-1.360229097743943960e+01,-4.340442123332532098e+00
-1.090199236175507203e+01,-3.546178989513594448e+00
-1.058244230553457932e+01,-6.325875737135325139e+00
-1.214630371444515688e+01,-7.251289941924628835e+00
-1.061800672251295552e+01,-6.451750716878667191e+00
-1.222262426045948125e+01,-6.589742669911824891e+00
-1.141670058806938925e+01,-5.661553130492550601e+00
-1.613858126233172996e+01,-4.528013831711164450e+00
-1.281336546468021353e+01,-6.000338818971245658e+00
-1.464275677705853873e+01,-5.290514806102830647e+00
-1.320945677779219452e+01,-5.776985404223487386e+00
-1.339593916730409262e+01,-4.791832615704016973e+00
-1.297254336500458471e+01,-3.881056219165373911e+00
-1.404203402968715686e+01,-5.910517425453961415e+00
-1.311030087081286055e+01,-2.525841338501730871e+00
-1.595325563281184955e+01,-2.464302008797490284e+00
-1.396754561211926848e+01,-2.560004250216763033e+00
-1.381988163395160640e+01,-4.322900987852207777e+00
-1.197802284388710348e+01,-7.497848679824796747e+00
-1.159131416915649559e+01,-6.038287588788827875e+00
-1.346898744173675766e+01,-4.862453839303194414e+00
-1.178735988939606649e+01,-5.075873799138945763e+00
-1.597077272361959643e+01,-6.198672684043232906e+00
-1.515361044982530814e+01,-3.162001818403457065e+00
-1.284965765417586248e+01,-4.338038890792435431e+00
-1.104286841255844642e+01,-4.399241555002805448e+00
-1.348334374326806362e+01,-6.069429560429162152e+00
-1.233373888764560178e+01,-6.587505937435140346e+00
-1.354696513386279122e+01,-5.998524771001048528e+00
-1.054923035128673092e+01,-6.334410167026338634e+00
-1.461050987534141399e+01,-4.621210139779374337e+00
-1.315589373025256847e+01,-5.012169447710616232e+00
-1.473411739451538871e+01,1.906622425447821456e-01
-1.325697109802799467e+01,-5.400852284001430803e+00
-1.241436841410895475e+01,-2.299163012763668856e+00
-1.404686701509799818e+01,-5.207896019435310997e+00
-1.504745322243904759e+01,-3.209366895824443677e+00
-1.276371468726915381e+01,-5.972172741931447426e+00
-1.309776368675910341e+01,-5.839417527547237086e+00
-1.606955471241159472e+01,-3.459042155907988469e+00
-9.391698023123460359e+00,-7.863017309635258911e+00
-1.634387909893209923e+01,-4.543748309325832402e+00
-1.292359736252063485e+01,-3.520822648200711225e+00
-1.117894883345630497e+01,-5.332446955236870956e+00
-1.498571945619263879e+01,-2.585257211593407156e+00
-1.100718457809512607e+01,-9.710565534394714149e+00
-1.321710320435933284e+01,-3.690487973043472536e+00
-1.254199065121015444e+01,-5.480917239396860374e+00
-1.196091560519254848e+01,-5.367417730903559558e+00
-1.052012535132337412e+01,-4.730902585895217172e+00
-8.683137964412717125e+00,-7.045126969082600610e+00
-1.456007196799064829e+01,-4.609688480762222262e+00
-1.112803864139073440e+01,-6.196574457323815288e+00
-1.258108270742123302e+01,-5.253782631976026352e+00
-1.266610781258084373e+01,-2.616351617253233730e+00
-9.949596528711239785e+00,-6.864117650165808548e+00
-1.231952449500613689e+01,-5.741221309421100649e+00
-1.035287942451708965e+01,-5.690736248878675241e+00
-9.789568154764591412e+00,-5.400290850398662634e+00
-1.273961585459865020e+01,-3.979160198880260957e+00
-1.476637025222212607e+01,-1.127256721689862573e+00
-1.486627874525010462e+01,-2.387850746053210127e+00
-1.004757537481444452e+01,-6.984916283081263444e+00
-1.391010574875578243e+01,-4.548287115166608885e+00
-1.236395253402556982e+01,-5.008302721522017720e+00
-1.287930690108470344e+01,-5.127052950101257167e+00
-1.030421742061170143e+01,-7.232333519074447992e+00
-1.117146140007620048e+01,-6.593270226630118636e+00
-1.198378382615213589e+01,-5.210414065291796071e+00
-1.496207772598277863e+01,-2.407843823351824675e+00
-1.490379177259239718e+01,-2.365905674427577488e+00
-1.764903250854789007e+01,1.577133824462126910e-01
-1.412495762884143069e+01,-2.141915394364999337e+00
-1.007344865274236767e+01,-6.055283352925396656e+00
-1.360006945995855432e+01,-3.922421390819912368e+00
-1.399876743583470429e+01,-3.427515019740224655e+00
-1.096358795313088130e+01,-6.508924772198894537e+00
-1.459143817052121506e+01,-3.533851674561674816e+00
-1.314006716017950360e+01,-3.938182716937837835e+00
-1.294369048931440958e+01,-4.563687781195525872e+00
-1.123489537637105506e+01,-7.569544512213967735e+00
-1.177676089847376950e+01,-4.769407140559652980e+00
-1.144605921706456186e+01,-5.680903175858553311e+00
-1.062114084100547551e+01,-4.510126120639866620e+00
-1.172792087419788665e+01,-3.340757967815777718e+00
-1.343555004532788999e+01,-6.381670097784692963e+00
-1.408960057637449026e+01,-3.179037703442495033e+00
-1.389069359378131097e+01,-6.635078766775555970e+00
-1.369435968005881676e+01,-3.477869308201140264e+00
-1.118733699535024684e+01,-6.373052755134914982e+00
-1.744256750582281867e+01,1.295298730733394521e+00
-1.440824000654134451e+01,-3.651454686633376134e+00
-1.275771968259459221e+01,-4.215963370903622831e+00
-1.398973958687720476e+01,-3.048896799802514046e+00
-1.621175894597845968e+01,-3.482677771331030847e+00
-1.228466963270443735e+01,-8.866942623152647585e+00
-1.281548436974826011e+01,-3.670606540243991134e+00
-1.683543126025049119e+01,-4.396453822427380587e+00
-1.118761621796170758e+01,-5.489935852960824647e+00
-1.296521037311677915e+01,-4.582780626849471517e+00
-1.567626670155486224e+01,-6.633342706095753272e+00
-1.301656426321343396e+01,-7.368346960927967260e+00
-1.492051973087833439e+01,-1.930088884184767206e+00
-1.260782735479797623e+01,-5.848015283111324791e+00
-1.400749211786431303e+01,-5.138941831876320698e+00
-1.177614966048106915e+01,-7.490400469536807826e+00
-1.373152989756422571e+01,-5.789439332813683947e+00
-1.342757954284871325e+01,-4.735980249867527192e+00
-1.448658918136089113e+01,-2.001777966174238976e+00
-1.426891567017225171e+01,-5.631309614016375420e+00
-1.344974096670592090e+01,-3.232462743097841873e+00
-1.400316522798063268e+01,-2.965629269057826534e+00
-1.374490273510616767e+01,-5.656988644162408875e+00
-1.229351840342630631e+01,-5.366713105986788968e+00
-1.696727833481305936e+01,-3.031401072887852877e+00
-1.504413921797958764e+01,-5.453061666703805876e+00
-1.065456811265572945e+01,-4.324986014626092334e+00
-1.438600455164480607e+01,-3.701829232799135561e+00
-1.479258217635037909e+01,-3.393624564814751388e+00
-1.400254805697447402e+01,-4.300549639733125318e+00
-1.240883891969290787e+01,-3.908516104469514474e+00
-1.418453001111777745e+01,-6.216515340100648324e+00
-1.434492045188732412e+01,-3.740492312991426260e+00
-1.278921678195214895e+01,-4.681009516816350136e+00
-1.203304390420249703e+01,-4.534401836837740341e+00
-9.750370518926180452e+00,-6.744765837777801032e+00
-1.332392747512274411e+01,-6.404660592914354744e+00
-1.407173964072092254e+01,-3.221147732225203342e+00
-1.447389835357289911e+01,-3.564534169308496203e+00
-1.103568703097265491e+01,-5.953735291374372629e+00
-1.255349134346218065e+01,-7.216149794642571891e+00
-1.285243356967211703e+01,-5.388151634913762145e+00
-1.419494617378765255e+01,-4.992634905375150645e+00
-1.492371692811041939e+01,-4.009284855066908904e+00
-1.445017792155293712e+01,-3.504751509006956756e+00
-1.367785316101281090e+01,-5.731415520142926212e+00
-1.255129707457800770e+01,-3.321702788927826333e+00
-1.200382839863116402e+01,-6.476711136741836405e+00
-1.230965496462062170e+01,-4.519919367897859530e+00
-1.313975676207673082e+01,-4.732028894093780025e+00
-1.123697199199483876e+01,-5.479752061126379026e+00
-1.305851132656472835e+01,-2.332189762589076842e+00
-1.464604774321839464e+01,-5.265102807842264809e+00
-1.220857334456971444e+01,-4.525151854276429297e+00
-1.128720341531275650e+01,-5.826131652552327012e+00
-1.371112228081894102e+01,-5.071632670048193070e+00
-1.269226037859963974e+01,-6.241505613539619191e+00
-1.323663295378416294e+01,-5.858707449479974905e+00
-1.402182306841595683e+01,-4.950283842998444150e+00
-1.293884733089677574e+01,-5.219074822068223263e+00
-1.362563413480884833e+01,-4.844167479867647508e+00
-1.586223358550434348e+01,-5.157202612182612000e+00
-1.439726451415403830e+01,-2.445784434238315264e+00
-1.439098993598188159e+01,-4.968546522391936726e+00
-1.300412749957677150e+01,-6.219620205675958857e+00
-1.395415932434886486e+01,-3.868755925533798656e+00
-1.240584604094457788e+01,-4.516990292376767968e+00
-1.315899933191889559e+01,-6.425847366623692380e+00
-1.214472631925004187e+01,-5.780363928135938245e+00
-1.135910139384656148e+01,-5.953744192785411116e+00
-1.443562253444167709e+01,-4.502460074672910650e+00
-1.296188678649198778e+01,-4.316878507511415997e+00
-1.420883523934845982e+01,-3.921341746077677382e+00
-1.192889454565499108e+01,-4.793888044260233627e+00
-1.125179117270429252e+01,-5.434146333385501570e+00
-1.113539166380692613e+01,-4.654962708717030218e+00
-1.257943873023099535e+01,-8.254760257222383046e+00
-1.166625483078711412e+01,-5.625483849035020079e+00
-1.255973483172205540e+01,-4.001888069570508577e+00
-1.562574195912962693e+01,-2.623099354372330438e+00
-1.185040688878464898e+01,-5.018370717316343210e+00
-1.445424410756059075e+01,-3.703779006856803946e+00
-1.333955105094712934e+01,-4.016673114555919355e+00
-1.412168509320857801e+01,-3.161480410183053813e+00
-1.613120387072253337e+01,-2.929451373535472580e+00
-1.321336455732890158e+01,-7.833528483223120453e+00
-1.269905277474538963e+01,-5.801950984506845543e+00
-1.466182062298058142e+01,-5.900540071477879955e+00
-1.243255889601335262e+01,-3.501336951322021829e+00
-1.372210705126880192e+01,-4.502143602664250288e+00
-1.399197709648115051e+01,-3.423389994391803803e+00
-1.246435894487400908e+01,-7.580412436809943699e+00
-1.168061065545397881e+01,-6.334127742637914338e+00
-1.423348434614261748e+01,-3.762221329156711924e+00
-1.211858060506887114e+01,-3.471617272851395875e+00
-1.276830309356143367e+01,-4.839592501519151213e+00
-1.197355931444412391e+01,-4.428648978013120185e+00
-1.449790244623582325e+01,-3.144200201534270711e+00
-1.087028193795081776e+01,-5.244414190200811454e+00
-1.228906251995213417e+01,-7.279621217871685701e+00
-1.125585599790884039e+01,-5.741132407113891389e+00
-1.431000523642155287e+01,-3.912807275047876843e+00
-1.268859338902426437e+01,-2.052118851123923449e+00
-1.406236183997647338e+01,-5.234818053243809111e+00
-1.386129922593204888e+01,-3.186485678461936644e+00
-1.356719086244751082e+01,-5.329673980924735766e+00
-1.327066107347542712e+01,-3.922273215504251453e+00
-1.631230733117611109e+01,-4.448000488598456315e+00
-1.447429008651014826e+01,-2.085427667191986689e+00
-1.071549831712062328e+01,-6.427214865418568124e+00
-1.137999911141749010e+01,-6.605943658607110969e+00
-1.536006418669484397e+01,-5.296106280268276123e+00
-1.417205136931723430e+01,-4.034783453981297896e+00
-1.101105972327616200e+01,-5.722505191504479782e+00
-1.167987210650826135e+01,-6.646498977152299759e+00
-1.363504712534968988e+01,-4.529293391807587277e+00
-1.088365750011821653e+01,-7.775953264777656138e+00
-1.363125298388981221e+01,-5.048148910508674980e+00
-1.481428455440278036e+01,-4.800476783701801864e+00
-1.141398922146062134e+01,-6.290727394886734380e+00
-1.213355363458671299e+01,-4.588110583810235177e+00
-1.055943529992484464e+01,-5.749239623509721397e+00
-1.237641262742909198e+01,-2.133912902535335387e+00
-1.508749744579949947e+01,-2.416790508282300021e+00
-1.393528599497569509e+01,-4.438338157934854422e+00
-1.347777822024382566e+01,-4.717076272465972053e+00
-1.246206732372294823e+01,-4.741525698034783076e+00
-1.671376451163586196e+01,-1.583147119292217297e+00
-1.545672768847075673e+01,-3.480506034313565422e+00
-1.351065083435175751e+01,-6.125200371909019559e+00
-1.218359937896058121e+01,-6.663312968912036283e+00
-1.410189869549353681e+01,-3.032084741641214443e+00
-1.338294414297830848e+01,-3.675806063524102996e+00
-1.478177525243046908e+01,-5.424139148946967026e+00
-1.286856594731352210e+01,-7.533778848446964105e+00
-1.447341891999282382e+01,-6.485860565465266347e+00
-1.276528261243149309e+01,-3.770958174454627443e+00
-1.283630893021154229e+01,-4.621394649703816526e+00
-1.322042214238990354e+01,-2.834077074233289473e+00
-1.343855489308758244e+01,-5.806093469197508128e+00
-1.378667599955231715e+01,-3.322624425605042120e+00
-1.202191543056138912e+01,-6.874458890036876824e+00
-1.451464437505270233e+01,-2.253163600664084942e+00
-1.238908894856492182e+01,-6.739393461388342388e+00
-1.424635116501210952e+01,-4.511899456144037757e+00
-1.313367772503241859e+01,-5.583125501222037990e+00
-1.313378966040842499e+01,-4.929861447574650057e+00
-1.213200331525132469e+01,-5.223825480044083314e+00
-1.391533133161064839e+01,-3.505087410912586687e+00
-1.484391188144972595e+01,-4.919043569373092950e+00
-1.429030890562859568e+01,-4.335572276558824711e+00
-1.321698500232662177e+01,-4.752153099625505028e+00
-1.574691022927353146e+01,-3.135596643748944423e+00
-1.092602029550559450e+01,-5.329426029918876928e+00
-1.356648824420060073e+01,-5.881446403936796408e+00
-1.089972582803171974e+01,-4.903882753816092510e+00
-1.299348097854226936e+01,-2.511329132847895718e+00
-1.319751996582929898e+01,-5.293288970545478200e+00
-1.329850090972311349e+01,-6.070736930005812937e+00
-1.383684608170566399e+01,-2.146668264084613309e+00
-1.580344400646673719e+01,-5.408533896644336814e+00
-1.368620595859615285e+01,-5.270864695672235811e+00
-1.601830339475539233e+01,-4.122006441342191962e+00
-1.421064551792311548e+01,-4.930049792747525750e+00
-1.395597271103291881e+01,-4.130507906733648760e+00
-1.526051023966293485e+01,-3.474169929902448217e+00
-1.179680915681861819e+01,-6.084525508545285177e+00
-1.013200133745549181e+01,-4.973288189937431270e+00
-1.183363446363725124e+01,-6.871818320420304715e+00
-1.376348876743624317e+01,-6.072955827477446888e+00
-1.150002978834323208e+01,-7.402014004531684677e+00
-1.237649489497684385e+01,-6.012705052087604862e+00
-1.275184314879598979e+01,-6.259206267141520286e+00
-1.136377680228359743e+01,-7.661948865781031515e+00
-1.407611916990656376e+01,-6.165039806397514255e+00
-1.429991216249082697e+01,-4.290274329894210759e+00
-1.541685670363551885e+01,-4.953607858709829337e+00
-1.180563385144656685e+01,-3.119141627517863391e+00
-1.437461246592519437e+01,-6.150430113976703694e+00
-1.392452282937417785e+01,-4.683502741286336146e+00
-1.079919915701010069e+01,-7.256552025338865342e+00
-1.244583739751671558e+01,-4.423942002565298459e+00
-1.169218155738378151e+01,-6.814105004987258241e+00
-1.410620754860678616e+01,-4.377918603332057401e+00
-1.091193567353565719e+01,-7.233193078583699531e+00
-1.268082286857826446e+01,-1.868268901809785110e+00
-1.512600110462737923e+01,-5.748820538656040924e+00
-1.284645015370279708e+01,-5.214703368333760025e+00
-1.074773845447526632e+01,-6.550692938052857350e+00
-1.505175437294370155e+01,-3.668154425442930133e+00
-1.509584686121113783e+01,-2.202864405734962894e+00
-1.258783639989292524e+01,-6.508160205331718906e+00
-1.420577053552649005e+01,-5.793629234806745743e+00
-1.379772944881314345e+01,-5.459322366668458493e+00
-1.157475943259710149e+01,-4.973128156996861726e+00
-1.331969874973130175e+01,-6.729455951131424030e+00
-1.491275241007420505e+01,-3.240589277812913949e+00
-1.266967363781125044e+01,-5.693241844862686918e+00
-1.193365825611098252e+01,-6.603193125411314313e+00
-1.410288569430231931e+01,-3.739023909660458500e+00
-1.264677951877302320e+01,-4.374258149206937674e+00
-1.439798057507477935e+01,-5.205561722184515183e+00
-1.496535735940534018e+01,-4.259447549281028422e+00
-1.143724087351136198e+01,-4.788237434529238001e+00
-1.060651061793429228e+01,-5.873130033169371877e+00
-9.638031315611655714e+00,-8.342745500216302901e+00
-1.357309602050563058e+01,-4.529020475114884370e+00
-1.496894985154439794e+01,-3.598316456111466444e+00
-1.384971003506641907e+01,-3.756956893431544486e+00
-1.298531618676039834e+01,-3.924663305432400051e+00
-9.084689032904657680e+00,-5.966268794509747231e+00
-1.077980293642668919e+01,-7.370028975293836382e+00
-1.100074374379562769e+01,-7.413481608853206950e+00
-1.241999325534518839e+01,-5.360152441523853284e+00
-1.361139913821143388e+01,-5.855650347500562347e+00
-1.342157471090305165e+01,-5.917375528160141229e+00
-1.420140887753094816e+01,-4.438169094375195911e+00
-9.999056916215149471e+00,-7.234804886338329410e+00
-1.185150019520118647e+01,-4.922169344383947376e+00
-1.327388578721175882e+01,-4.889391450982357057e+00
-1.100984902691918066e+01,-4.658392496977678654e+00
-1.248297836111936476e+01,-3.313211292645692030e+00
-1.083507021332939857e+01,-7.540851188587399889e+00
-1.536603226631108754e+01,-1.454559632143933801e+00
-1.059861208629037499e+01,-7.191062777233616643e+00
-1.203155079601716082e+01,-5.142671625403766988e+00
-1.569320254592734187e+01,-6.656643232248376840e+00
-1.447545401218406624e+01,-4.268050667161137568e+00
-1.270973098867506046e+01,-3.624538696289577366e+00
-1.425011957835761756e+01,-4.930961965008111569e+00
-1.410432480515756382e+01,-3.823113684602665430e+00
-1.279592478019734259e+01,-5.353770278531075455e+00
-1.279530849512473445e+01,-3.499154291186322485e+00
-1.194926142226029064e+01,-7.587188081693518882e+00
-1.077748406557960337e+01,-4.829246501788508894e+00
-1.293464005575039089e+01,-3.809147403702791479e+00
-1.497482597434356322e+01,-3.967537132623202289e+00
-1.246594249681552391e+01,-6.236358683657105217e+00
-1.359342423545928824e+01,-6.018593159167711093e+00
-1.130782565317274901e+01,-9.185209676379201937e+00
-1.311814539490994491e+01,-6.247427510723987609e+00
-1.005485332408246535e+01,-1.031565786156189191e+01
-1.218516488774759665e+01,-6.447919842067407536e+00
-1.177775790395167554e+01,-6.231651572017208096e+00
-1.343807423744058482e+01,-3.401035454661369695e+00
-1.296184523815636780e+01,-2.579108623785006049e+00
-1.318972304859028988e+01,-5.264273636275956569e+00
-1.136858617089311174e+01,-6.524807917224823228e+00
-1.549313718436018128e+01,-3.886342017136208860e+00
-1.316249977340353539e+01,-5.874849773516311657e+00
-1.101540789590982250e+01,-5.282485384160092501e+00
-1.414894947434010319e+01,-4.768567935078446673e+00
-1.416094833900933736e+01,-4.820687218693771925e+00
-1.349126109247347927e+01,-5.308967388741343107e+00
-1.564711127615685271e+01,-2.371314238481053049e+00
-1.130371620481819583e+01,-6.801905343608121157e+00
-1.007093378156929298e+01,-8.534953678708429692e+00
-1.324991092083752697e+01,-5.247421667061523465e+00
-1.048082088541468160e+01,-7.466761494793665577e+00
-1.308946792595441444e+01,-5.701770134506048748e+00
-1.755511134952736541e+01,-1.243967725921894640e+00
-1.531903093862353060e+01,-2.012897801981275769e+00
-1.417144400046927188e+01,-7.666949200404304499e+00
-1.604397475106792115e+01,-2.601667475598826940e+00
-1.192435867615973777e+01,-4.699030870953201600e+00
-1.236686214495614600e+01,-4.694403787500826652e+00
-1.374189059439512661e+01,-6.016652801357771807e+00
-1.462464395339505430e+01,-3.857538656641760433e+00
-1.264075072029114821e+01,-3.662282101924277278e+00
-1.543313311227087681e+01,-5.217733015820667397e+00
-1.341593703604076637e+01,-4.672316545321993253e+00
-1.471403364648912593e+01,-6.089785693326242644e+00
-1.049919635469246515e+01,-5.844931593763432076e+00
-1.344401939497596388e+01,-5.517848907195167740e+00
-1.188697728854215541e+01,-7.434206510132604251e+00
-9.779973177877421264e+00,-8.151059185456070111e+00
-1.340657501281243569e+01,-2.843282724045928855e+00
-1.205634624443894154e+01,-6.220047635295522070e+00
-1.224660825870488701e+01,-3.740134919120429835e+00
-1.225084095765361880e+01,-7.219770129394381897e+00
-1.367901926237978394e+01,-4.198724250816674441e+00
-1.415469998223255210e+01,-4.204161062008125782e+00
-1.404710961508270906e+01,-3.622126045969032759e+00
-1.396627782488405067e+01,-2.604884748106814918e+00
-1.192730026083031625e+01,-8.112412190419291846e+00
-1.383092160333279352e+01,-3.176374081923836190e+00
-1.290226280969956463e+01,-4.260211528394784786e+00
-1.250808871308071346e+01,-5.610244505841746054e+00
-1.108754339135780853e+01,-6.941016879831297004e+00
-1.413951296801221602e+01,-4.754474408503471139e+00
-1.185493263414730869e+01,-6.249970675944982901e+00
-1.278075951920615339e+01,-4.214868195339208867e+00
-1.320305480300585721e+01,-3.574321331637973387e+00
-1.274756323811569025e+01,-4.580253150799958206e+00
-1.216842855870892492e+01,-7.316994779936444537e+00
-1.426278780461217011e+01,-4.035492355638663931e+00
-1.179471279144453710e+01,-5.203590111996718726e+00
-1.302581074603836697e+01,-3.690418741141945347e+00
-1.474207330018098716e+01,-3.511807377438912248e+00
-1.134872577572996732e+01,-5.528769986130261493e+00
-1.461060786368055631e+01,-5.333445546846230734e+00
-1.199730594893956059e+01,-6.000729026938065758e+00
-1.295926979060484285e+01,-4.635452797210578346e+00
-1.512820929152075955e+01,-2.804249277463488621e+00
-1.356333410990855448e+01,-4.191362611615176093e+00
-8.662123737758676612e+00,-4.301911971074106944e+00
-7.999551112231294780e+00,-7.211061363979949235e+00
-1.468282802792261421e+01,-2.960275341648282765e+00
-1.304192425853382531e+01,-7.943282552994352486e+00
-1.432113310809543449e+01,-5.993290247769625267e+00
-1.624728765574501566e+01,-2.817521931369564747e+00
-1.223597272267360658e+01,-6.386322117894933648e+00
-1.479968539043503561e+01,-6.364746490546983715e+00
-1.368357291509275342e+01,-7.398047984741026539e+00
-1.207174888666543033e+01,-6.618897392554984549e+00
-1.440454735801771591e+01,-4.709810585208684230e+00
-1.304015681049931885e+01,-4.494098760216747479e+00
-1.131714782888877480e+01,-4.117791030407043529e+00
-1.486286239690634403e+01,-4.490352977003275292e+00
-1.331520388612639216e+01,-4.919037930860538310e+00
-1.279828420120253796e+01,-5.266602596702449901e+00
-1.617794943899742321e+01,-4.086165665474936759e+00
-1.252378039577417290e+01,-4.975107121074963779e+00
-1.431269291389542353e+01,-5.858327867394241828e+00
-1.139011419456199725e+01,-6.436668842491737763e+00
-1.021378060107345931e+01,-7.563758513241058523e+00
-1.597081802365887171e+01,-1.198471282895057666e+00
-1.334540661993637123e+01,-4.795579563597974548e+00
-1.390887660267748771e+01,-1.400190946964317895e+00
-1.398653180217829295e+01,-4.885133860507879788e+00
-1.545606403443492383e+01,-2.081602058160183066e+00
-1.379805861074504847e+01,-5.337400605817767207e+00
-1.425023738897954040e+01,-2.050877190330745226e+00
-1.331914012014093274e+01,-4.866389030846685948e+00
-1.360059993008250423e+01,-6.373183836361036469e+00
-1.141451021428786561e+01,-4.533403966132356189e+00
-1.555160814654651880e+01,-4.026185681495502600e+00
-1.170508894286493273e+01,-6.137260411297115859e+00
-1.128308203288387723e+01,-5.599354976896254499e+00
-1.086755425513926809e+01,-4.926987437082680721e+00
-1.291036902585789470e+01,-5.770241305301677670e+00
-1.087709089886308433e+01,-6.742341504406292430e+00
-1.004851618238970090e+01,-7.980640974516729713e+00
-1.281581985096577370e+01,-5.650472626415101729e+00
-8.793617324585770945e+00,-6.908120583376601509e+00
-1.325541297788141470e+01,-3.929779479704094136e+00
-1.527574795595032597e+01,-5.715710504707999462e+00
-1.541318180665253124e+01,-3.346010317692549751e+00
-1.170276792848861369e+01,-5.092703799309384216e+00
-1.147865286830310971e+01,-6.873074818247893347e+00
-1.051334052902975102e+01,-6.300455177509522109e+00
-1.380438848134591012e+01,-3.301576775762198324e+00
-1.130602383401730116e+01,-7.999361680931404095e+00
-1.265376725420123094e+01,-5.062795572253277143e+00
-1.181990593288853653e+01,-5.800129429968621686e+00
-1.355629375512521051e+01,-5.276136290577492005e+00
-1.077677466000423756e+01,-5.897986496170260828e+00
-1.271518363752027092e+01,-5.075635618846879638e+00
-1.332490166088159533e+01,-3.134668571682086124e+00
-1.029870525793385028e+01,-5.905539307943318050e+00
-1.373982515797050574e+01,-5.682032527426134294e+00
-1.367696617997586728e+01,-4.125321899744019305e+00
-1.390355767487847061e+01,-4.988932643040710602e+00
-1.185251917857651094e+01,-3.441078651605822714e+00
-1.286651705213922092e+01,-4.834998645098383285e+00
-1.018295349310145959e+01,-6.764432723822189075e+00
-1.230481322738719641e+01,-5.539688471860801044e+00
-1.178039989671549037e+01,-5.940565416273926758e+00
-1.102336849567097055e+01,-5.861716975960669984e+00
-1.361261959097465990e+01,-6.550193479705434640e+00
-1.197409001484902014e+01,-3.600773395363282781e+00
-1.018297543640458080e+01,-5.376885557724108367e+00
-1.273686857640431214e+01,-6.146327267634541514e+00
-1.380324861335973807e+01,-3.503736316469011403e+00
-1.261454420781259422e+01,-4.859355843269749897e+00
-1.529036310323982661e+01,-3.197305041415897442e+00
-1.293708815776366272e+01,-3.265516949466840568e+00
-1.619592827269254798e+01,-1.108399599848970851e+00
-1.229218827595916430e+01,-6.775199230689102237e+00
-1.205641402115642968e+01,-5.304402258554355321e+00
-1.450981565715787447e+01,-4.294682878487087407e+00
-1.386660490692610637e+01,-5.131490515544042452e+00
-1.272576056344901296e+01,-5.029109344473006615e+00
-1.171468434339354836e+01,-3.504225900031245011e+00
-1.248536827630483614e+01,-5.119194850426817212e+00
-1.466538520476502327e+01,-4.807998591143499034e+00
-1.460003123125760460e+01,-2.994153949030159634e+00
-1.238290062003416558e+01,-5.755553170781400496e+00
-1.133080009455045989e+01,-5.387125068796139615e+00
-1.241098077590739379e+01,-6.598643193982979938e+00
-1.031298969466175208e+01,-6.712563193908573922e+00
-1.283054165251047785e+01,-4.321545043836342970e+00
-1.334083238380169689e+01,-3.578135285537286769e+00
-1.141331057110945935e+01,-5.613969430246773307e+00
-1.368963035687597518e+01,-3.379253851261241337e+00
-1.391712365248862682e+01,-6.184084829668239358e+00
-1.079958249899781286e+01,-6.286378804920246921e+00
-1.412405625113130725e+01,-2.973690990141292012e+00
-1.272337042188680734e+01,-2.516915552459547012e+00
-1.317110882592190713e+01,-6.500612038614917765e+00
-1.350131895603820809e+01,-2.131368384803161931e+00
-1.109244047477738704e+01,-7.740005326499366234e+00
-1.253002223853334840e+01,-4.496321518963991792e+00
-1.106280764494926849e+01,-5.167582828048478127e+00
-1.341199429177374469e+01,-5.169891962148192022e+00
-1.480817638183389029e+01,-4.651571399778680949e+00
-1.375221403987009339e+01,-4.078226025791524378e+00
-1.307445390155138831e+01,-4.495945208823192374e+00
-1.374707863645128292e+01,-3.937235148356521997e+00
-1.376692134052531280e+01,-4.596811622944367848e+00
-1.201901925650680347e+01,-6.577287011959186636e+00
-1.103725638579863322e+01,-5.937293240712793185e+00
-1.647581612429453202e+01,-3.504455343952271207e+00
-1.275593717099687829e+01,-5.058135394812474317e+00
-1.229830408461024760e+01,-2.916106532073744706e+00
-1.385545058150510833e+01,-2.651118472138325188e+00
-1.273811374371750205e+01,-7.536989082574511833e+00
-1.455751904645681094e+01,-6.032217174767876777e+00
-1.296847855433136587e+01,-5.117372971583044716e+00
-1.146109705299956794e+01,-4.307582474470172507e+00
-1.385184019039123093e+01,-6.766502123883260111e+00
-1.329777746512835002e+01,-4.820077954264906595e+00
-1.484728490404361345e+01,-4.690804173426545098e+00
-1.427086079089924731e+01,-4.328167475813467391e+00
-1.355331201953637965e+01,-5.798358697882913582e+00
-1.294311583226575202e+01,-3.254256655588545488e+00
-1.139151804988024352e+01,-6.375810027121712409e+00
-1.429821621320546221e+01,-3.335163350878770583e+00
-9.358360921255970410e+00,-6.996016568544755287e+00
-1.446390070580411802e+01,-4.597854024593913458e+00
-1.381076684760978246e+01,-4.861293911111824073e+00
-1.361070147493400206e+01,-6.653896932470781067e+00
-1.601113098263261492e+01,-4.586198515309650503e+00
-1.173837906734878445e+01,-4.646860427000666149e+00
-1.511525276953034869e+01,-2.547951921871452807e+00
-1.508275775877901737e+01,-2.900899448392644686e+00
-1.006826544140574953e+01,-6.933029434531814417e+00
-1.280342140057634204e+01,-4.975787241162058727e+00
-1.141243848146777573e+01,-8.457658277148814463e+00
-1.136869290844702896e+01,-6.774571102959910718e+00
-1.346337811472483992e+01,-4.087458439512330344e+00
-1.147486905705084403e+01,-7.554520012489001068e+00
-1.226742023265264336e+01,-2.100659085890105970e+00
-1.357422564174523671e+01,-4.520184579725158081e+00
-1.597376134126521663e+01,-6.519638674233656062e+00
-1.444786811127704951e+01,-5.320610590050689481e+00
-1.328456931806945640e+01,-3.769483893665058538e+00
-1.114309354967754473e+01,-3.516880526713239696e+00
-1.215094168407786945e+01,-5.632394185593603275e+00
-1.330363090281849558e+01,-5.712075523518516107e+00
-1.264471735574416300e+01,-3.925533119851049690e+00
-1.410151978226074476e+01,-6.277541418192966738e+00
-1.402536115441536246e+01,-4.068898237056592926e+00
-1.510058310883817434e+01,-4.663484944135351640e+00
-1.353636335061951179e+01,-7.543158504212762239e+00
-1.296041860208504559e+01,-3.777361654646934852e+00
-1.338744793128184263e+01,-4.822650068048278449e+00
-1.482023219890719545e+01,-2.996636146999262174e+00
-1.251561423470321444e+01,-4.717932440774968761e+00
-1.330573265491376489e+01,-6.111271197432562197e+00
-1.477993015357085049e+01,-3.582342889621235038e+00
-1.408193292924684670e+01,-1.848836574037880709e+00
-1.273441524377133227e+01,-4.223261061635606772e+00
-1.008177382588434412e+01,-9.319208383750680724e+00
-1.450245966020393951e+01,-3.560677238772123498e+00
-1.312326075280002691e+01,-6.382540388927149699e+00
-1.341514277012444900e+01,-4.822525921917910630e+00
-1.363194088078380695e+01,-3.061399907473511206e+00
-1.517540827396634384e+01,-4.489725983447044655e+00
-1.245045626233334346e+01,-4.623778056655847735e+00
-1.326206787964482814e+01,-6.083812329081771608e+00
-1.518269256211948282e+01,-2.898371176828990148e+00
-1.161503130814781137e+01,-4.739863154258384448e+00
-1.440784865756124589e+01,-6.249217715066521350e+00
-9.699456739697657426e+00,-7.244573268867348759e+00
-1.148779438715243018e+01,-3.538933860454052116e+00
-1.334416189299866140e+01,-5.655925018313997299e+00
-1.059686416841654832e+01,-7.533937336548953034e+00
-1.238986189774330526e+01,-5.144303999061130561e+00
-1.336928013321374564e+01,-5.705325065690590058e+00
-1.201231277308847822e+01,-3.511928806375809842e+00
-1.333470923872132907e+01,-5.934961088892920067e+00
-1.326633693188859553e+01,-3.394343965527468754e+00
-1.637327007140253343e+01,-3.149872087045989311e+00
-1.174266751962170474e+01,-5.906036421584877516e+00
-1.351938226610370464e+01,-2.844144921943067228e+00
-1.040041501091955034e+01,-5.150509069914290805e+00
-1.445170740961925127e+01,-5.196090956184670873e+00
-1.515775618406987313e+01,-2.412235594929096560e+00
-1.130295610923552729e+01,-7.569561466843056863e+00
-1.516660397884914069e+01,-6.252416794354541452e+00
-1.439926465694566282e+01,-3.021243010943608365e+00
-1.229017317420968602e+01,-3.435338062184547514e+00
-1.246342629622746578e+01,-4.877615158150381269e+00
-1.147372981691677829e+01,-5.180733609955360031e+00
-1.321390502653760990e+01,-5.661564952679931650e+00
-1.289137479962460553e+01,-6.476403144507679954e+00
-1.215967658035863863e+01,-5.753032231686932896e+00
-1.455592602460585283e+01,-4.185962114079964991e+00
-1.136537985449520605e+01,-6.071912330997581542e+00
-1.348230601101531434e+01,-5.353711698267346719e+00
-1.266998148392844037e+01,-4.540648781284351898e+00
-1.152590822351356081e+01,-7.123951764901502060e+00
-1.370733605942485944e+01,-3.277456656702258719e+00
-1.349445138566445834e+01,-3.437434184402103021e+00
-1.462405915004363877e+01,-2.395917567286076189e+00
-1.179085050311479854e+01,-5.584498717049870997e+00
-1.183504218157158583e+01,-4.404388482378246650e+00
-1.350644217151153725e+01,-6.160806542563817878e+00
-1.366998723417007611e+01,-4.685898711789624471e+00
-1.651547267135213914e+01,-6.756950091133724356e-01
-1.292729663114102046e+01,-2.210435853685971619e+00
-1.465616282082991617e+01,-3.707601809218880273e+00
-1.600272674425534092e+01,-3.082719499673157948e+00
-1.370226114804039952e+01,-4.656892006336408762e+00
-1.218408592275506841e+01,-4.967607663933807594e+00
-1.711222506768459795e+01,-2.255441127688103897e+00
-1.034814217173849293e+01,-6.357622843978746552e+00
-1.413927544716140261e+01,-3.183013409885247391e+00
-1.340761056216140901e+01,-6.056009901851483690e+00
-1.583424304878291622e+01,-3.952167752593374495e+00
-1.264565474146078650e+01,-4.055325408133656495e+00
-1.339403226623578114e+01,-6.212705542413502258e+00
-1.095464613025617417e+01,-5.197146293797910488e+00
-1.374874781360312781e+01,-4.242607637563095224e+00
-1.325713217815048850e+01,-5.227483851255195546e+00
-1.395606793659841571e+01,-4.893623720958983903e+00
-1.346874720213330079e+01,-4.862451068430938328e+00
-1.390478832137351439e+01,-5.470734310818243351e+00
-1.427324125468224558e+01,-2.868385728635463927e+00
-1.211557295035243165e+01,-5.604617125503320807e+00
-1.196135554100642828e+01,-7.027649567829524102e+00
-1.299810575111216160e+01,-3.463639315612057512e+00
-1.275710725828851722e+01,-6.334181666052711712e+00
-1.124963309506615161e+01,-8.404726655198489382e+00
-9.495346190598029423e+00,-7.046347349388931036e+00
-1.456680432956857629e+01,-1.950182742126547186e+00
-1.207969083946134781e+01,-4.594433537243560295e+00
-1.261517809261813916e+01,-5.492258639271458520e+00
-1.556227951086226646e+01,-2.341119555295827492e+00
-1.288796357114211233e+01,-4.655644562811563247e+00
-1.332112578894395405e+01,-4.642553429906261186e+00
-1.463936051047803666e+01,-4.456173279359822104e+00
-1.600461004493349293e+01,-1.790445176150693651e+00
-1.441704829467646931e+01,-5.500883359353744062e+00
-1.047207771049741076e+01,-9.404023207361813519e+00
-1.317942818179937348e+01,-4.409945550051685537e+00
-1.070901960140295550e+01,-6.334307256776532391e+00
-1.604286957929355495e+01,-4.795338111939174475e+00
-1.075176278090607340e+01,-7.415345268688273705e+00
-1.472550467943797514e+01,-4.873415730435445070e+00
-1.581332719067905046e+01,-4.680496593099985780e+00
-1.473247013261055827e+01,-5.624304686353764460e+00
-1.220438312094331756e+01,-4.832161596548385063e+00
-1.329744420781259429e+01,-4.849191314601001501e+00
-1.282219585599432854e+01,-6.244698394482374404e+00
-1.406711547304712617e+01,-5.231546253319204531e+00
-1.462662864519309025e+01,-3.836669000436404353e+00
-1.607231157653042430e+01,-3.783605717274995506e+00
-1.413965223016300499e+01,-3.944237794120614371e+00
-1.246768773679847975e+01,-8.306965464757265494e+00
-1.412554831404616706e+01,-4.522294512447313508e+00
-1.535553549481451441e+01,-3.984729148964153644e+00
-1.259819009020012004e+01,-5.358695935872692218e+00
-1.258257099880680663e+01,-6.171406165733415605e+00
-1.468475110503449521e+01,-3.368566819086598052e+00
-1.569126108788462659e+01,-2.869573184471170268e+00
-1.373509818939271021e+01,-2.978080881140935166e+00
-1.433838069925038106e+01,-6.501340600114215995e+00
-1.034904974661295540e+01,-5.645686762260113234e+00
